country,time,freedstatus_fh
afg,1972,PF
afg,1973,NF
afg,1974,NF
afg,1975,NF
afg,1976,NF
afg,1977,NF
afg,1978,NF
afg,1979,NF
afg,1980,NF
afg,1981,NF
afg,1983,NF
afg,1984,NF
afg,1985,NF
afg,1986,NF
afg,1987,NF
afg,1988,NF
afg,1989,NF
afg,1990,NF
afg,1991,NF
afg,1992,NF
afg,1993,NF
afg,1994,NF
afg,1995,NF
afg,1996,NF
afg,1997,NF
afg,1998,NF
afg,1999,NF
afg,2000,NF
afg,2001,NF
afg,2002,NF
afg,2003,NF
afg,2004,NF
afg,2005,PF
afg,2006,PF
afg,2007,PF
afg,2008,NF
afg,2009,NF
afg,2010,NF
afg,2011,NF
afg,2012,NF
afg,2013,NF
afg,2014,NF
afg,2015,NF
afg,2016,NF
afg,2017,NF
afg,2018,NF
ago,1975,NF
ago,1976,NF
ago,1977,NF
ago,1978,NF
ago,1979,NF
ago,1980,NF
ago,1981,NF
ago,1983,NF
ago,1984,NF
ago,1985,NF
ago,1986,NF
ago,1987,NF
ago,1988,NF
ago,1989,NF
ago,1990,NF
ago,1991,PF
ago,1992,NF
ago,1993,NF
ago,1994,NF
ago,1995,NF
ago,1996,NF
ago,1997,NF
ago,1998,NF
ago,1999,NF
ago,2000,NF
ago,2001,NF
ago,2002,NF
ago,2003,NF
ago,2004,NF
ago,2005,NF
ago,2006,NF
ago,2007,NF
ago,2008,NF
ago,2009,NF
ago,2010,NF
ago,2011,NF
ago,2012,NF
ago,2013,NF
ago,2014,NF
ago,2015,NF
ago,2016,NF
ago,2017,NF
ago,2018,NF
alb,1972,NF
alb,1973,NF
alb,1974,NF
alb,1975,NF
alb,1976,NF
alb,1977,NF
alb,1978,NF
alb,1979,NF
alb,1980,NF
alb,1981,NF
alb,1983,NF
alb,1984,NF
alb,1985,NF
alb,1986,NF
alb,1987,NF
alb,1988,NF
alb,1989,NF
alb,1990,NF
alb,1991,PF
alb,1992,PF
alb,1993,PF
alb,1994,PF
alb,1995,PF
alb,1996,PF
alb,1997,PF
alb,1998,PF
alb,1999,PF
alb,2000,PF
alb,2001,PF
alb,2002,PF
alb,2003,PF
alb,2004,PF
alb,2005,PF
alb,2006,PF
alb,2007,PF
alb,2008,PF
alb,2009,PF
alb,2010,PF
alb,2011,PF
alb,2012,PF
alb,2013,PF
alb,2014,PF
alb,2015,PF
alb,2016,PF
alb,2017,PF
alb,2018,PF
and,1972,PF
and,1973,PF
and,1974,PF
and,1975,PF
and,1976,PF
and,1993,F
and,1994,F
and,1995,F
and,1996,F
and,1997,F
and,1998,F
and,1999,F
and,2000,F
and,2001,F
and,2002,F
and,2003,F
and,2004,F
and,2005,F
and,2006,F
and,2007,F
and,2008,F
and,2009,F
and,2010,F
and,2011,F
and,2012,F
and,2013,F
and,2014,F
and,2015,F
and,2016,F
and,2017,F
and,2018,F
are,1972,NF
are,1973,NF
are,1974,NF
are,1975,NF
are,1976,PF
are,1977,PF
are,1978,PF
are,1979,PF
are,1980,PF
are,1981,PF
are,1983,PF
are,1984,PF
are,1985,PF
are,1986,PF
are,1987,PF
are,1988,PF
are,1989,NF
are,1990,NF
are,1991,NF
are,1992,PF
are,1993,NF
are,1994,NF
are,1995,NF
are,1996,NF
are,1997,NF
are,1998,NF
are,1999,NF
are,2000,NF
are,2001,NF
are,2002,NF
are,2003,NF
are,2004,NF
are,2005,NF
are,2006,NF
are,2007,NF
are,2008,NF
are,2009,NF
are,2010,NF
are,2011,NF
are,2012,NF
are,2013,NF
are,2014,NF
are,2015,NF
are,2016,NF
are,2017,NF
are,2018,NF
arg,1972,PF
arg,1973,F
arg,1974,PF
arg,1975,PF
arg,1976,NF
arg,1977,NF
arg,1978,NF
arg,1979,NF
arg,1980,NF
arg,1981,NF
arg,1983,PF
arg,1984,F
arg,1985,F
arg,1986,F
arg,1987,F
arg,1988,F
arg,1989,F
arg,1990,F
arg,1991,F
arg,1992,F
arg,1993,F
arg,1994,F
arg,1995,F
arg,1996,F
arg,1997,F
arg,1998,F
arg,1999,F
arg,2000,F
arg,2001,PF
arg,2002,PF
arg,2003,F
arg,2004,F
arg,2005,F
arg,2006,F
arg,2007,F
arg,2008,F
arg,2009,F
arg,2010,F
arg,2011,F
arg,2012,F
arg,2013,F
arg,2014,F
arg,2015,F
arg,2016,F
arg,2017,F
arg,2018,F
arm,1991,PF
arm,1992,PF
arm,1993,PF
arm,1994,PF
arm,1995,PF
arm,1996,PF
arm,1997,PF
arm,1998,PF
arm,1999,PF
arm,2000,PF
arm,2001,PF
arm,2002,PF
arm,2003,PF
arm,2004,PF
arm,2005,PF
arm,2006,PF
arm,2007,PF
arm,2008,PF
arm,2009,PF
arm,2010,PF
arm,2011,PF
arm,2012,PF
arm,2013,PF
arm,2014,PF
arm,2015,PF
arm,2016,PF
arm,2017,PF
arm,2018,PF
atg,1981,F
atg,1983,F
atg,1984,F
atg,1985,F
atg,1986,F
atg,1987,F
atg,1988,F
atg,1989,F
atg,1990,F
atg,1991,PF
atg,1992,PF
atg,1993,PF
atg,1994,PF
atg,1995,PF
atg,1996,PF
atg,1997,PF
atg,1998,PF
atg,1999,PF
atg,2000,PF
atg,2001,PF
atg,2002,PF
atg,2003,PF
atg,2004,F
atg,2005,F
atg,2006,F
atg,2007,F
atg,2008,F
atg,2009,F
atg,2010,F
atg,2011,F
atg,2012,F
atg,2013,F
atg,2014,F
atg,2015,F
atg,2016,F
atg,2017,F
atg,2018,F
aus,1972,F
aus,1973,F
aus,1974,F
aus,1975,F
aus,1976,F
aus,1977,F
aus,1978,F
aus,1979,F
aus,1980,F
aus,1981,F
aus,1983,F
aus,1984,F
aus,1985,F
aus,1986,F
aus,1987,F
aus,1988,F
aus,1989,F
aus,1990,F
aus,1991,F
aus,1992,F
aus,1993,F
aus,1994,F
aus,1995,F
aus,1996,F
aus,1997,F
aus,1998,F
aus,1999,F
aus,2000,F
aus,2001,F
aus,2002,F
aus,2003,F
aus,2004,F
aus,2005,F
aus,2006,F
aus,2007,F
aus,2008,F
aus,2009,F
aus,2010,F
aus,2011,F
aus,2012,F
aus,2013,F
aus,2014,F
aus,2015,F
aus,2016,F
aus,2017,F
aus,2018,F
aut,1972,F
aut,1973,F
aut,1974,F
aut,1975,F
aut,1976,F
aut,1977,F
aut,1978,F
aut,1979,F
aut,1980,F
aut,1981,F
aut,1983,F
aut,1984,F
aut,1985,F
aut,1986,F
aut,1987,F
aut,1988,F
aut,1989,F
aut,1990,F
aut,1991,F
aut,1992,F
aut,1993,F
aut,1994,F
aut,1995,F
aut,1996,F
aut,1997,F
aut,1998,F
aut,1999,F
aut,2000,F
aut,2001,F
aut,2002,F
aut,2003,F
aut,2004,F
aut,2005,F
aut,2006,F
aut,2007,F
aut,2008,F
aut,2009,F
aut,2010,F
aut,2011,F
aut,2012,F
aut,2013,F
aut,2014,F
aut,2015,F
aut,2016,F
aut,2017,F
aut,2018,F
aze,1991,PF
aze,1992,PF
aze,1993,NF
aze,1994,NF
aze,1995,NF
aze,1996,NF
aze,1997,PF
aze,1998,PF
aze,1999,PF
aze,2000,PF
aze,2001,PF
aze,2002,PF
aze,2003,NF
aze,2004,NF
aze,2005,NF
aze,2006,NF
aze,2007,NF
aze,2008,NF
aze,2009,NF
aze,2010,NF
aze,2011,NF
aze,2012,NF
aze,2013,NF
aze,2014,NF
aze,2015,NF
aze,2016,NF
aze,2017,NF
aze,2018,NF
bdi,1972,NF
bdi,1973,NF
bdi,1974,NF
bdi,1975,NF
bdi,1976,NF
bdi,1977,NF
bdi,1978,NF
bdi,1979,NF
bdi,1980,NF
bdi,1981,NF
bdi,1983,NF
bdi,1984,NF
bdi,1985,NF
bdi,1986,NF
bdi,1987,NF
bdi,1988,NF
bdi,1989,NF
bdi,1990,NF
bdi,1991,NF
bdi,1992,PF
bdi,1993,NF
bdi,1994,NF
bdi,1995,NF
bdi,1996,NF
bdi,1997,NF
bdi,1998,NF
bdi,1999,NF
bdi,2000,NF
bdi,2001,NF
bdi,2002,NF
bdi,2003,PF
bdi,2004,PF
bdi,2005,PF
bdi,2006,PF
bdi,2007,PF
bdi,2008,PF
bdi,2009,PF
bdi,2010,PF
bdi,2011,PF
bdi,2012,PF
bdi,2013,PF
bdi,2014,NF
bdi,2015,NF
bdi,2016,NF
bdi,2017,NF
bdi,2018,NF
bel,1972,F
bel,1973,F
bel,1974,F
bel,1975,F
bel,1976,F
bel,1977,F
bel,1978,F
bel,1979,F
bel,1980,F
bel,1981,F
bel,1983,F
bel,1984,F
bel,1985,F
bel,1986,F
bel,1987,F
bel,1988,F
bel,1989,F
bel,1990,F
bel,1991,F
bel,1992,F
bel,1993,F
bel,1994,F
bel,1995,F
bel,1996,F
bel,1997,F
bel,1998,F
bel,1999,F
bel,2000,F
bel,2001,F
bel,2002,F
bel,2003,F
bel,2004,F
bel,2005,F
bel,2006,F
bel,2007,F
bel,2008,F
bel,2009,F
bel,2010,F
bel,2011,F
bel,2012,F
bel,2013,F
bel,2014,F
bel,2015,F
bel,2016,F
bel,2017,F
bel,2018,F
ben,1972,NF
ben,1973,NF
ben,1974,NF
ben,1975,NF
ben,1976,NF
ben,1977,NF
ben,1978,NF
ben,1979,NF
ben,1980,NF
ben,1981,NF
ben,1983,NF
ben,1984,NF
ben,1985,NF
ben,1986,NF
ben,1987,NF
ben,1988,NF
ben,1989,NF
ben,1990,PF
ben,1991,F
ben,1992,F
ben,1993,F
ben,1994,F
ben,1995,F
ben,1996,F
ben,1997,F
ben,1998,F
ben,1999,F
ben,2000,F
ben,2001,F
ben,2002,F
ben,2003,F
ben,2004,F
ben,2005,F
ben,2006,F
ben,2007,F
ben,2008,F
ben,2009,F
ben,2010,F
ben,2011,F
ben,2012,F
ben,2013,F
ben,2014,F
ben,2015,F
ben,2016,F
ben,2017,F
ben,2018,F
bfa,1972,PF
bfa,1973,PF
bfa,1974,PF
bfa,1975,PF
bfa,1976,PF
bfa,1977,PF
bfa,1978,F
bfa,1979,F
bfa,1980,PF
bfa,1981,PF
bfa,1983,PF
bfa,1984,NF
bfa,1985,NF
bfa,1986,NF
bfa,1987,NF
bfa,1988,NF
bfa,1989,NF
bfa,1990,NF
bfa,1991,NF
bfa,1992,PF
bfa,1993,PF
bfa,1994,PF
bfa,1995,PF
bfa,1996,PF
bfa,1997,PF
bfa,1998,PF
bfa,1999,PF
bfa,2000,PF
bfa,2001,PF
bfa,2002,PF
bfa,2003,PF
bfa,2004,PF
bfa,2005,PF
bfa,2006,PF
bfa,2007,PF
bfa,2008,PF
bfa,2009,PF
bfa,2010,PF
bfa,2011,PF
bfa,2012,PF
bfa,2013,PF
bfa,2014,PF
bfa,2015,PF
bfa,2016,PF
bfa,2017,PF
bfa,2018,PF
bgd,1972,PF
bgd,1973,PF
bgd,1974,PF
bgd,1975,NF
bgd,1976,PF
bgd,1977,PF
bgd,1978,PF
bgd,1979,PF
bgd,1980,PF
bgd,1981,PF
bgd,1983,PF
bgd,1984,PF
bgd,1985,PF
bgd,1986,PF
bgd,1987,PF
bgd,1988,PF
bgd,1989,PF
bgd,1990,PF
bgd,1991,F
bgd,1992,F
bgd,1993,PF
bgd,1994,PF
bgd,1995,PF
bgd,1996,PF
bgd,1997,PF
bgd,1998,PF
bgd,1999,PF
bgd,2000,PF
bgd,2001,PF
bgd,2002,PF
bgd,2003,PF
bgd,2004,PF
bgd,2005,PF
bgd,2006,PF
bgd,2007,PF
bgd,2008,PF
bgd,2009,PF
bgd,2010,PF
bgd,2011,PF
bgd,2012,PF
bgd,2013,PF
bgd,2014,PF
bgd,2015,PF
bgd,2016,PF
bgd,2017,PF
bgd,2018,PF
bgr,1972,NF
bgr,1973,NF
bgr,1974,NF
bgr,1975,NF
bgr,1976,NF
bgr,1977,NF
bgr,1978,NF
bgr,1979,NF
bgr,1980,NF
bgr,1981,NF
bgr,1983,NF
bgr,1984,NF
bgr,1985,NF
bgr,1986,NF
bgr,1987,NF
bgr,1988,NF
bgr,1989,NF
bgr,1990,PF
bgr,1991,F
bgr,1992,F
bgr,1993,F
bgr,1994,F
bgr,1995,F
bgr,1996,F
bgr,1997,F
bgr,1998,F
bgr,1999,F
bgr,2000,F
bgr,2001,F
bgr,2002,F
bgr,2003,F
bgr,2004,F
bgr,2005,F
bgr,2006,F
bgr,2007,F
bgr,2008,F
bgr,2009,F
bgr,2010,F
bgr,2011,F
bgr,2012,F
bgr,2013,F
bgr,2014,F
bgr,2015,F
bgr,2016,F
bgr,2017,F
bgr,2018,F
bhr,1972,NF
bhr,1973,NF
bhr,1974,PF
bhr,1975,PF
bhr,1976,PF
bhr,1977,PF
bhr,1978,PF
bhr,1979,PF
bhr,1980,PF
bhr,1981,PF
bhr,1983,PF
bhr,1984,PF
bhr,1985,PF
bhr,1986,PF
bhr,1987,PF
bhr,1988,PF
bhr,1989,PF
bhr,1990,PF
bhr,1991,PF
bhr,1992,PF
bhr,1993,NF
bhr,1994,NF
bhr,1995,NF
bhr,1996,NF
bhr,1997,NF
bhr,1998,NF
bhr,1999,NF
bhr,2000,NF
bhr,2001,NF
bhr,2002,PF
bhr,2003,PF
bhr,2004,PF
bhr,2005,PF
bhr,2006,PF
bhr,2007,PF
bhr,2008,PF
bhr,2009,NF
bhr,2010,NF
bhr,2011,NF
bhr,2012,NF
bhr,2013,NF
bhr,2014,NF
bhr,2015,NF
bhr,2016,NF
bhr,2017,NF
bhr,2018,NF
bhs,1973,F
bhs,1974,F
bhs,1975,F
bhs,1976,F
bhs,1977,F
bhs,1978,F
bhs,1979,F
bhs,1980,F
bhs,1981,F
bhs,1983,F
bhs,1984,F
bhs,1985,F
bhs,1986,F
bhs,1987,F
bhs,1988,F
bhs,1989,F
bhs,1990,F
bhs,1991,F
bhs,1992,F
bhs,1993,F
bhs,1994,F
bhs,1995,F
bhs,1996,F
bhs,1997,F
bhs,1998,F
bhs,1999,F
bhs,2000,F
bhs,2001,F
bhs,2002,F
bhs,2003,F
bhs,2004,F
bhs,2005,F
bhs,2006,F
bhs,2007,F
bhs,2008,F
bhs,2009,F
bhs,2010,F
bhs,2011,F
bhs,2012,F
bhs,2013,F
bhs,2014,F
bhs,2015,F
bhs,2016,F
bhs,2017,F
bhs,2018,F
bih,1992,NF
bih,1993,NF
bih,1994,NF
bih,1995,NF
bih,1996,PF
bih,1997,PF
bih,1998,PF
bih,1999,PF
bih,2000,PF
bih,2001,PF
bih,2002,PF
bih,2003,PF
bih,2004,PF
bih,2005,PF
bih,2006,PF
bih,2007,PF
bih,2008,PF
bih,2009,PF
bih,2010,PF
bih,2011,PF
bih,2012,PF
bih,2013,PF
bih,2014,PF
bih,2015,PF
bih,2016,PF
bih,2017,PF
bih,2018,PF
blr,1991,PF
blr,1992,PF
blr,1993,PF
blr,1994,PF
blr,1995,PF
blr,1996,NF
blr,1997,NF
blr,1998,NF
blr,1999,NF
blr,2000,NF
blr,2001,NF
blr,2002,NF
blr,2003,NF
blr,2004,NF
blr,2005,NF
blr,2006,NF
blr,2007,NF
blr,2008,NF
blr,2009,NF
blr,2010,NF
blr,2011,NF
blr,2012,NF
blr,2013,NF
blr,2014,NF
blr,2015,NF
blr,2016,NF
blr,2017,NF
blr,2018,NF
blz,1981,F
blz,1983,F
blz,1984,F
blz,1985,F
blz,1986,F
blz,1987,F
blz,1988,F
blz,1989,F
blz,1990,F
blz,1991,F
blz,1992,F
blz,1993,F
blz,1994,F
blz,1995,F
blz,1996,F
blz,1997,F
blz,1998,F
blz,1999,F
blz,2000,F
blz,2001,F
blz,2002,F
blz,2003,F
blz,2004,F
blz,2005,F
blz,2006,F
blz,2007,F
blz,2008,F
blz,2009,F
blz,2010,F
blz,2011,F
blz,2012,F
blz,2013,F
blz,2014,F
blz,2015,F
blz,2016,F
blz,2017,F
blz,2018,F
bol,1972,PF
bol,1973,PF
bol,1974,NF
bol,1975,NF
bol,1976,PF
bol,1977,PF
bol,1978,PF
bol,1979,PF
bol,1980,NF
bol,1981,PF
bol,1983,F
bol,1984,F
bol,1985,F
bol,1986,F
bol,1987,F
bol,1988,F
bol,1989,F
bol,1990,F
bol,1991,F
bol,1992,F
bol,1993,F
bol,1994,F
bol,1995,PF
bol,1996,F
bol,1997,F
bol,1998,F
bol,1999,F
bol,2000,F
bol,2001,F
bol,2002,F
bol,2003,PF
bol,2004,PF
bol,2005,PF
bol,2006,PF
bol,2007,PF
bol,2008,PF
bol,2009,PF
bol,2010,PF
bol,2011,PF
bol,2012,PF
bol,2013,PF
bol,2014,PF
bol,2015,PF
bol,2016,PF
bol,2017,PF
bol,2018,PF
bra,1972,PF
bra,1973,PF
bra,1974,PF
bra,1975,PF
bra,1976,PF
bra,1977,PF
bra,1978,PF
bra,1979,PF
bra,1980,PF
bra,1981,PF
bra,1983,PF
bra,1984,PF
bra,1985,F
bra,1986,F
bra,1987,F
bra,1988,F
bra,1989,F
bra,1990,F
bra,1991,F
bra,1992,F
bra,1993,PF
bra,1994,PF
bra,1995,PF
bra,1996,PF
bra,1997,PF
bra,1998,PF
bra,1999,PF
bra,2000,PF
bra,2001,PF
bra,2002,F
bra,2003,F
bra,2004,F
bra,2005,F
bra,2006,F
bra,2007,F
bra,2008,F
bra,2009,F
bra,2010,F
bra,2011,F
bra,2012,F
bra,2013,F
bra,2014,F
bra,2015,F
bra,2016,F
bra,2017,F
bra,2018,F
brb,1972,F
brb,1973,F
brb,1974,F
brb,1975,F
brb,1976,F
brb,1977,F
brb,1978,F
brb,1979,F
brb,1980,F
brb,1981,F
brb,1983,F
brb,1984,F
brb,1985,F
brb,1986,F
brb,1987,F
brb,1988,F
brb,1989,F
brb,1990,F
brb,1991,F
brb,1992,F
brb,1993,F
brb,1994,F
brb,1995,F
brb,1996,F
brb,1997,F
brb,1998,F
brb,1999,F
brb,2000,F
brb,2001,F
brb,2002,F
brb,2003,F
brb,2004,F
brb,2005,F
brb,2006,F
brb,2007,F
brb,2008,F
brb,2009,F
brb,2010,F
brb,2011,F
brb,2012,F
brb,2013,F
brb,2014,F
brb,2015,F
brb,2016,F
brb,2017,F
brb,2018,F
brn,1972,NF
brn,1973,NF
brn,1974,NF
brn,1975,NF
brn,1976,NF
brn,1984,NF
brn,1985,PF
brn,1986,PF
brn,1987,PF
brn,1988,NF
brn,1989,NF
brn,1990,NF
brn,1991,NF
brn,1992,NF
brn,1993,NF
brn,1994,NF
brn,1995,NF
brn,1996,NF
brn,1997,NF
brn,1998,NF
brn,1999,NF
brn,2000,NF
brn,2001,NF
brn,2002,NF
brn,2003,NF
brn,2004,NF
brn,2005,NF
brn,2006,NF
brn,2007,NF
brn,2008,NF
brn,2009,NF
brn,2010,NF
brn,2011,NF
brn,2012,NF
brn,2013,NF
brn,2014,NF
brn,2015,NF
brn,2016,NF
brn,2017,NF
brn,2018,NF
btn,1972,PF
btn,1973,PF
btn,1974,PF
btn,1975,PF
btn,1976,PF
btn,1977,PF
btn,1978,PF
btn,1979,PF
btn,1980,PF
btn,1981,PF
btn,1983,PF
btn,1984,PF
btn,1985,PF
btn,1986,PF
btn,1987,PF
btn,1988,PF
btn,1989,PF
btn,1990,PF
btn,1991,PF
btn,1992,NF
btn,1993,NF
btn,1994,NF
btn,1995,NF
btn,1996,NF
btn,1997,NF
btn,1998,NF
btn,1999,NF
btn,2000,NF
btn,2001,NF
btn,2002,NF
btn,2003,NF
btn,2004,NF
btn,2005,NF
btn,2006,NF
btn,2007,NF
btn,2008,PF
btn,2009,PF
btn,2010,PF
btn,2011,PF
btn,2012,PF
btn,2013,PF
btn,2014,PF
btn,2015,PF
btn,2016,PF
btn,2017,PF
btn,2018,PF
bwa,1972,PF
bwa,1973,F
bwa,1974,F
bwa,1975,F
bwa,1976,F
bwa,1977,F
bwa,1978,F
bwa,1979,F
bwa,1980,F
bwa,1981,F
bwa,1983,F
bwa,1984,F
bwa,1985,F
bwa,1986,F
bwa,1987,F
bwa,1988,F
bwa,1989,F
bwa,1990,F
bwa,1991,F
bwa,1992,F
bwa,1993,F
bwa,1994,F
bwa,1995,F
bwa,1996,F
bwa,1997,F
bwa,1998,F
bwa,1999,F
bwa,2000,F
bwa,2001,F
bwa,2002,F
bwa,2003,F
bwa,2004,F
bwa,2005,F
bwa,2006,F
bwa,2007,F
bwa,2008,F
bwa,2009,F
bwa,2010,F
bwa,2011,F
bwa,2012,F
bwa,2013,F
bwa,2014,F
bwa,2015,F
bwa,2016,F
bwa,2017,F
bwa,2018,F
caf,1972,NF
caf,1973,NF
caf,1974,NF
caf,1975,NF
caf,1976,NF
caf,1977,NF
caf,1978,NF
caf,1979,NF
caf,1980,NF
caf,1981,NF
caf,1983,NF
caf,1984,NF
caf,1985,NF
caf,1986,NF
caf,1987,NF
caf,1988,NF
caf,1989,NF
caf,1990,NF
caf,1991,PF
caf,1992,PF
caf,1993,PF
caf,1994,PF
caf,1995,PF
caf,1996,PF
caf,1997,PF
caf,1998,PF
caf,1999,PF
caf,2000,PF
caf,2001,PF
caf,2002,PF
caf,2003,NF
caf,2004,NF
caf,2005,PF
caf,2006,PF
caf,2007,PF
caf,2008,PF
caf,2009,PF
caf,2010,PF
caf,2011,PF
caf,2012,PF
caf,2013,NF
caf,2014,NF
caf,2015,NF
caf,2016,NF
caf,2017,NF
caf,2018,NF
can,1972,F
can,1973,F
can,1974,F
can,1975,F
can,1976,F
can,1977,F
can,1978,F
can,1979,F
can,1980,F
can,1981,F
can,1983,F
can,1984,F
can,1985,F
can,1986,F
can,1987,F
can,1988,F
can,1989,F
can,1990,F
can,1991,F
can,1992,F
can,1993,F
can,1994,F
can,1995,F
can,1996,F
can,1997,F
can,1998,F
can,1999,F
can,2000,F
can,2001,F
can,2002,F
can,2003,F
can,2004,F
can,2005,F
can,2006,F
can,2007,F
can,2008,F
can,2009,F
can,2010,F
can,2011,F
can,2012,F
can,2013,F
can,2014,F
can,2015,F
can,2016,F
can,2017,F
can,2018,F
che,1972,F
che,1973,F
che,1974,F
che,1975,F
che,1976,F
che,1977,F
che,1978,F
che,1979,F
che,1980,F
che,1981,F
che,1983,F
che,1984,F
che,1985,F
che,1986,F
che,1987,F
che,1988,F
che,1989,F
che,1990,F
che,1991,F
che,1992,F
che,1993,F
che,1994,F
che,1995,F
che,1996,F
che,1997,F
che,1998,F
che,1999,F
che,2000,F
che,2001,F
che,2002,F
che,2003,F
che,2004,F
che,2005,F
che,2006,F
che,2007,F
che,2008,F
che,2009,F
che,2010,F
che,2011,F
che,2012,F
che,2013,F
che,2014,F
che,2015,F
che,2016,F
che,2017,F
che,2018,F
chl,1972,F
chl,1973,NF
chl,1974,NF
chl,1975,NF
chl,1976,NF
chl,1977,NF
chl,1978,NF
chl,1979,PF
chl,1980,PF
chl,1981,PF
chl,1983,PF
chl,1984,PF
chl,1985,PF
chl,1986,PF
chl,1987,PF
chl,1988,PF
chl,1989,PF
chl,1990,F
chl,1991,F
chl,1992,F
chl,1993,F
chl,1994,F
chl,1995,F
chl,1996,F
chl,1997,F
chl,1998,F
chl,1999,F
chl,2000,F
chl,2001,F
chl,2002,F
chl,2003,F
chl,2004,F
chl,2005,F
chl,2006,F
chl,2007,F
chl,2008,F
chl,2009,F
chl,2010,F
chl,2011,F
chl,2012,F
chl,2013,F
chl,2014,F
chl,2015,F
chl,2016,F
chl,2017,F
chl,2018,F
chn,1972,NF
chn,1973,NF
chn,1974,NF
chn,1975,NF
chn,1976,NF
chn,1977,NF
chn,1978,NF
chn,1979,NF
chn,1980,NF
chn,1981,NF
chn,1983,NF
chn,1984,NF
chn,1985,NF
chn,1986,NF
chn,1987,NF
chn,1988,NF
chn,1989,NF
chn,1990,NF
chn,1991,NF
chn,1992,NF
chn,1993,NF
chn,1994,NF
chn,1995,NF
chn,1996,NF
chn,1997,NF
chn,1998,NF
chn,1999,NF
chn,2000,NF
chn,2001,NF
chn,2002,NF
chn,2003,NF
chn,2004,NF
chn,2005,NF
chn,2006,NF
chn,2007,NF
chn,2008,NF
chn,2009,NF
chn,2010,NF
chn,2011,NF
chn,2012,NF
chn,2013,NF
chn,2014,NF
chn,2015,NF
chn,2016,NF
chn,2017,NF
chn,2018,NF
civ,1972,NF
civ,1973,NF
civ,1974,NF
civ,1975,NF
civ,1976,NF
civ,1977,NF
civ,1978,PF
civ,1979,PF
civ,1980,PF
civ,1981,PF
civ,1983,PF
civ,1984,PF
civ,1985,PF
civ,1986,PF
civ,1987,PF
civ,1988,NF
civ,1989,PF
civ,1990,PF
civ,1991,PF
civ,1992,PF
civ,1993,NF
civ,1994,NF
civ,1995,NF
civ,1996,NF
civ,1997,NF
civ,1998,NF
civ,1999,PF
civ,2000,PF
civ,2001,PF
civ,2002,NF
civ,2003,NF
civ,2004,NF
civ,2005,NF
civ,2006,NF
civ,2007,NF
civ,2008,NF
civ,2009,NF
civ,2010,NF
civ,2011,NF
civ,2012,PF
civ,2013,PF
civ,2014,PF
civ,2015,PF
civ,2016,PF
civ,2017,PF
civ,2018,PF
cmr,1972,PF
cmr,1973,PF
cmr,1974,PF
cmr,1975,PF
cmr,1976,NF
cmr,1977,NF
cmr,1978,NF
cmr,1979,NF
cmr,1980,NF
cmr,1981,NF
cmr,1983,NF
cmr,1984,NF
cmr,1985,NF
cmr,1986,NF
cmr,1987,NF
cmr,1988,NF
cmr,1989,NF
cmr,1990,NF
cmr,1991,NF
cmr,1992,NF
cmr,1993,NF
cmr,1994,NF
cmr,1995,NF
cmr,1996,NF
cmr,1997,NF
cmr,1998,NF
cmr,1999,NF
cmr,2000,NF
cmr,2001,NF
cmr,2002,NF
cmr,2003,NF
cmr,2004,NF
cmr,2005,NF
cmr,2006,NF
cmr,2007,NF
cmr,2008,NF
cmr,2009,NF
cmr,2010,NF
cmr,2011,NF
cmr,2012,NF
cmr,2013,NF
cmr,2014,NF
cmr,2015,NF
cmr,2016,NF
cmr,2017,NF
cmr,2018,NF
cod,1972,NF
cod,1973,NF
cod,1974,NF
cod,1975,NF
cod,1976,NF
cod,1977,NF
cod,1978,NF
cod,1979,NF
cod,1980,NF
cod,1981,NF
cod,1983,NF
cod,1984,NF
cod,1985,NF
cod,1986,NF
cod,1987,NF
cod,1988,NF
cod,1989,NF
cod,1990,NF
cod,1991,NF
cod,1992,NF
cod,1993,NF
cod,1994,NF
cod,1995,NF
cod,1996,NF
cod,1997,NF
cod,1998,NF
cod,1999,NF
cod,2000,NF
cod,2001,NF
cod,2002,NF
cod,2003,NF
cod,2004,NF
cod,2005,NF
cod,2006,NF
cod,2007,NF
cod,2008,NF
cod,2009,NF
cod,2010,NF
cod,2011,NF
cod,2012,NF
cod,2013,NF
cod,2014,NF
cod,2015,NF
cod,2016,NF
cod,2017,NF
cod,2018,NF
cog,1972,NF
cog,1973,PF
cog,1974,PF
cog,1975,PF
cog,1976,PF
cog,1977,NF
cog,1978,NF
cog,1979,NF
cog,1980,NF
cog,1981,NF
cog,1983,NF
cog,1984,NF
cog,1985,NF
cog,1986,NF
cog,1987,NF
cog,1988,NF
cog,1989,NF
cog,1990,NF
cog,1991,PF
cog,1992,PF
cog,1993,PF
cog,1994,PF
cog,1995,PF
cog,1996,PF
cog,1997,NF
cog,1998,NF
cog,1999,NF
cog,2000,PF
cog,2001,PF
cog,2002,PF
cog,2003,PF
cog,2004,PF
cog,2005,PF
cog,2006,NF
cog,2007,NF
cog,2008,NF
cog,2009,NF
cog,2010,NF
cog,2011,NF
cog,2012,NF
cog,2013,NF
cog,2014,NF
cog,2015,NF
cog,2016,NF
cog,2017,NF
cog,2018,NF
col,1972,F
col,1973,F
col,1974,F
col,1975,F
col,1976,F
col,1977,F
col,1978,F
col,1979,F
col,1980,F
col,1981,F
col,1983,F
col,1984,F
col,1985,F
col,1986,F
col,1987,F
col,1988,F
col,1989,PF
col,1990,PF
col,1991,PF
col,1992,PF
col,1993,PF
col,1994,PF
col,1995,PF
col,1996,PF
col,1997,PF
col,1998,PF
col,1999,PF
col,2000,PF
col,2001,PF
col,2002,PF
col,2003,PF
col,2004,PF
col,2005,PF
col,2006,PF
col,2007,PF
col,2008,PF
col,2009,PF
col,2010,PF
col,2011,PF
col,2012,PF
col,2013,PF
col,2014,PF
col,2015,PF
col,2016,PF
col,2017,PF
col,2018,PF
com,1975,PF
com,1976,PF
com,1977,PF
com,1978,PF
com,1979,PF
com,1980,PF
com,1981,PF
com,1983,PF
com,1984,PF
com,1985,NF
com,1986,NF
com,1987,NF
com,1988,NF
com,1989,NF
com,1990,PF
com,1991,PF
com,1992,PF
com,1993,PF
com,1994,PF
com,1995,PF
com,1996,PF
com,1997,PF
com,1998,PF
com,1999,PF
com,2000,PF
com,2001,PF
com,2002,PF
com,2003,PF
com,2004,PF
com,2005,PF
com,2006,PF
com,2007,PF
com,2008,PF
com,2009,PF
com,2010,PF
com,2011,PF
com,2012,PF
com,2013,PF
com,2014,PF
com,2015,PF
com,2016,PF
com,2017,PF
com,2018,PF
cpv,1975,PF
cpv,1976,NF
cpv,1977,NF
cpv,1978,NF
cpv,1979,NF
cpv,1980,NF
cpv,1981,NF
cpv,1983,NF
cpv,1984,NF
cpv,1985,NF
cpv,1986,NF
cpv,1987,PF
cpv,1988,NF
cpv,1989,NF
cpv,1990,PF
cpv,1991,F
cpv,1992,F
cpv,1993,F
cpv,1994,F
cpv,1995,F
cpv,1996,F
cpv,1997,F
cpv,1998,F
cpv,1999,F
cpv,2000,F
cpv,2001,F
cpv,2002,F
cpv,2003,F
cpv,2004,F
cpv,2005,F
cpv,2006,F
cpv,2007,F
cpv,2008,F
cpv,2009,F
cpv,2010,F
cpv,2011,F
cpv,2012,F
cpv,2013,F
cpv,2014,F
cpv,2015,F
cpv,2016,F
cpv,2017,F
cpv,2018,F
cri,1972,F
cri,1973,F
cri,1974,F
cri,1975,F
cri,1976,F
cri,1977,F
cri,1978,F
cri,1979,F
cri,1980,F
cri,1981,F
cri,1983,F
cri,1984,F
cri,1985,F
cri,1986,F
cri,1987,F
cri,1988,F
cri,1989,F
cri,1990,F
cri,1991,F
cri,1992,F
cri,1993,F
cri,1994,F
cri,1995,F
cri,1996,F
cri,1997,F
cri,1998,F
cri,1999,F
cri,2000,F
cri,2001,F
cri,2002,F
cri,2003,F
cri,2004,F
cri,2005,F
cri,2006,F
cri,2007,F
cri,2008,F
cri,2009,F
cri,2010,F
cri,2011,F
cri,2012,F
cri,2013,F
cri,2014,F
cri,2015,F
cri,2016,F
cri,2017,F
cri,2018,F
cub,1972,NF
cub,1973,NF
cub,1974,NF
cub,1975,NF
cub,1976,NF
cub,1977,NF
cub,1978,NF
cub,1979,NF
cub,1980,NF
cub,1981,NF
cub,1983,NF
cub,1984,NF
cub,1985,NF
cub,1986,NF
cub,1987,NF
cub,1988,NF
cub,1989,NF
cub,1990,NF
cub,1991,NF
cub,1992,NF
cub,1993,NF
cub,1994,NF
cub,1995,NF
cub,1996,NF
cub,1997,NF
cub,1998,NF
cub,1999,NF
cub,2000,NF
cub,2001,NF
cub,2002,NF
cub,2003,NF
cub,2004,NF
cub,2005,NF
cub,2006,NF
cub,2007,NF
cub,2008,NF
cub,2009,NF
cub,2010,NF
cub,2011,NF
cub,2012,NF
cub,2013,NF
cub,2014,NF
cub,2015,NF
cub,2016,NF
cub,2017,NF
cub,2018,NF
cyp,1972,F
cyp,1973,F
cyp,1974,PF
cyp,1975,PF
cyp,1976,PF
cyp,1977,PF
cyp,1978,PF
cyp,1979,PF
cyp,1980,PF
cyp,1981,F
cyp,1983,F
cyp,1984,F
cyp,1985,F
cyp,1986,F
cyp,1987,F
cyp,1988,F
cyp,1989,F
cyp,1990,F
cyp,1991,F
cyp,1992,F
cyp,1993,F
cyp,1994,F
cyp,1995,F
cyp,1996,F
cyp,1997,F
cyp,1998,F
cyp,1999,F
cyp,2000,F
cyp,2001,F
cyp,2002,F
cyp,2003,F
cyp,2004,F
cyp,2005,F
cyp,2006,F
cyp,2007,F
cyp,2008,F
cyp,2009,F
cyp,2010,F
cyp,2011,F
cyp,2012,F
cyp,2013,F
cyp,2014,F
cyp,2015,F
cyp,2016,F
cyp,2017,F
cyp,2018,F
cze,1993,F
cze,1994,F
cze,1995,F
cze,1996,F
cze,1997,F
cze,1998,F
cze,1999,F
cze,2000,F
cze,2001,F
cze,2002,F
cze,2003,F
cze,2004,F
cze,2005,F
cze,2006,F
cze,2007,F
cze,2008,F
cze,2009,F
cze,2010,F
cze,2011,F
cze,2012,F
cze,2013,F
cze,2014,F
cze,2015,F
cze,2016,F
cze,2017,F
cze,2018,F
deu,1972,PF
deu,1973,PF
deu,1974,PF
deu,1975,PF
deu,1976,PF
deu,1977,PF
deu,1978,PF
deu,1979,PF
deu,1980,PF
deu,1981,PF
deu,1983,PF
deu,1984,PF
deu,1985,PF
deu,1986,PF
deu,1987,PF
deu,1988,PF
deu,1989,PF
deu,1990,F
deu,1991,F
deu,1992,F
deu,1993,F
deu,1994,F
deu,1995,F
deu,1996,F
deu,1997,F
deu,1998,F
deu,1999,F
deu,2000,F
deu,2001,F
deu,2002,F
deu,2003,F
deu,2004,F
deu,2005,F
deu,2006,F
deu,2007,F
deu,2008,F
deu,2009,F
deu,2010,F
deu,2011,F
deu,2012,F
deu,2013,F
deu,2014,F
deu,2015,F
deu,2016,F
deu,2017,F
deu,2018,F
dji,1977,PF
dji,1978,PF
dji,1979,PF
dji,1980,PF
dji,1981,NF
dji,1983,NF
dji,1984,PF
dji,1985,NF
dji,1986,NF
dji,1987,NF
dji,1988,NF
dji,1989,NF
dji,1990,NF
dji,1991,NF
dji,1992,NF
dji,1993,NF
dji,1994,NF
dji,1995,NF
dji,1996,NF
dji,1997,NF
dji,1998,NF
dji,1999,PF
dji,2000,PF
dji,2001,PF
dji,2002,PF
dji,2003,PF
dji,2004,PF
dji,2005,PF
dji,2006,PF
dji,2007,PF
dji,2008,PF
dji,2009,PF
dji,2010,NF
dji,2011,NF
dji,2012,NF
dji,2013,NF
dji,2014,NF
dji,2015,NF
dji,2016,NF
dji,2017,NF
dji,2018,NF
dma,1978,F
dma,1979,F
dma,1980,F
dma,1981,F
dma,1983,F
dma,1984,F
dma,1985,F
dma,1986,F
dma,1987,F
dma,1988,F
dma,1989,F
dma,1990,F
dma,1991,F
dma,1992,F
dma,1993,F
dma,1994,F
dma,1995,F
dma,1996,F
dma,1997,F
dma,1998,F
dma,1999,F
dma,2000,F
dma,2001,F
dma,2002,F
dma,2003,F
dma,2004,F
dma,2005,F
dma,2006,F
dma,2007,F
dma,2008,F
dma,2009,F
dma,2010,F
dma,2011,F
dma,2012,F
dma,2013,F
dma,2014,F
dma,2015,F
dma,2016,F
dma,2017,F
dma,2018,F
dnk,1972,F
dnk,1973,F
dnk,1974,F
dnk,1975,F
dnk,1976,F
dnk,1977,F
dnk,1978,F
dnk,1979,F
dnk,1980,F
dnk,1981,F
dnk,1983,F
dnk,1984,F
dnk,1985,F
dnk,1986,F
dnk,1987,F
dnk,1988,F
dnk,1989,F
dnk,1990,F
dnk,1991,F
dnk,1992,F
dnk,1993,F
dnk,1994,F
dnk,1995,F
dnk,1996,F
dnk,1997,F
dnk,1998,F
dnk,1999,F
dnk,2000,F
dnk,2001,F
dnk,2002,F
dnk,2003,F
dnk,2004,F
dnk,2005,F
dnk,2006,F
dnk,2007,F
dnk,2008,F
dnk,2009,F
dnk,2010,F
dnk,2011,F
dnk,2012,F
dnk,2013,F
dnk,2014,F
dnk,2015,F
dnk,2016,F
dnk,2017,F
dnk,2018,F
dom,1972,F
dom,1973,F
dom,1974,PF
dom,1975,PF
dom,1976,PF
dom,1977,PF
dom,1978,F
dom,1979,F
dom,1980,F
dom,1981,F
dom,1983,F
dom,1984,F
dom,1985,F
dom,1986,F
dom,1987,F
dom,1988,F
dom,1989,F
dom,1990,F
dom,1991,F
dom,1992,F
dom,1993,PF
dom,1994,PF
dom,1995,PF
dom,1996,PF
dom,1997,PF
dom,1998,F
dom,1999,F
dom,2000,F
dom,2001,F
dom,2002,F
dom,2003,F
dom,2004,F
dom,2005,F
dom,2006,F
dom,2007,F
dom,2008,F
dom,2009,F
dom,2010,F
dom,2011,F
dom,2012,F
dom,2013,F
dom,2014,F
dom,2015,PF
dom,2016,PF
dom,2017,PF
dom,2018,PF
dza,1972,NF
dza,1973,NF
dza,1974,NF
dza,1975,NF
dza,1976,NF
dza,1977,NF
dza,1978,NF
dza,1979,NF
dza,1980,NF
dza,1981,NF
dza,1983,NF
dza,1984,NF
dza,1985,NF
dza,1986,NF
dza,1987,NF
dza,1988,NF
dza,1989,PF
dza,1990,PF
dza,1991,PF
dza,1992,NF
dza,1993,NF
dza,1994,NF
dza,1995,NF
dza,1996,NF
dza,1997,NF
dza,1998,NF
dza,1999,NF
dza,2000,NF
dza,2001,NF
dza,2002,NF
dza,2003,NF
dza,2004,NF
dza,2005,NF
dza,2006,NF
dza,2007,NF
dza,2008,NF
dza,2009,NF
dza,2010,NF
dza,2011,NF
dza,2012,NF
dza,2013,NF
dza,2014,NF
dza,2015,NF
dza,2016,NF
dza,2017,NF
dza,2018,NF
ecu,1972,PF
ecu,1973,PF
ecu,1974,PF
ecu,1975,PF
ecu,1976,PF
ecu,1977,PF
ecu,1978,PF
ecu,1979,F
ecu,1980,F
ecu,1981,F
ecu,1983,F
ecu,1984,F
ecu,1985,F
ecu,1986,F
ecu,1987,F
ecu,1988,F
ecu,1989,F
ecu,1990,F
ecu,1991,F
ecu,1992,F
ecu,1993,F
ecu,1994,F
ecu,1995,F
ecu,1996,PF
ecu,1997,PF
ecu,1998,F
ecu,1999,F
ecu,2000,PF
ecu,2001,PF
ecu,2002,PF
ecu,2003,PF
ecu,2004,PF
ecu,2005,PF
ecu,2006,PF
ecu,2007,PF
ecu,2008,PF
ecu,2009,PF
ecu,2010,PF
ecu,2011,PF
ecu,2012,PF
ecu,2013,PF
ecu,2014,PF
ecu,2015,PF
ecu,2016,PF
ecu,2017,PF
ecu,2018,PF
egy,1972,NF
egy,1973,NF
egy,1974,PF
egy,1975,PF
egy,1976,PF
egy,1977,PF
egy,1978,PF
egy,1979,PF
egy,1980,PF
egy,1981,PF
egy,1983,PF
egy,1984,PF
egy,1985,PF
egy,1986,PF
egy,1987,PF
egy,1988,PF
egy,1989,PF
egy,1990,PF
egy,1991,PF
egy,1992,PF
egy,1993,NF
egy,1994,NF
egy,1995,NF
egy,1996,NF
egy,1997,NF
egy,1998,NF
egy,1999,NF
egy,2000,NF
egy,2001,NF
egy,2002,NF
egy,2003,NF
egy,2004,NF
egy,2005,NF
egy,2006,NF
egy,2007,NF
egy,2008,NF
egy,2009,NF
egy,2010,NF
egy,2011,NF
egy,2012,PF
egy,2013,NF
egy,2014,NF
egy,2015,NF
egy,2016,NF
egy,2017,NF
egy,2018,NF
eri,1993,NF
eri,1994,NF
eri,1995,PF
eri,1996,PF
eri,1997,PF
eri,1998,PF
eri,1999,NF
eri,2000,NF
eri,2001,NF
eri,2002,NF
eri,2003,NF
eri,2004,NF
eri,2005,NF
eri,2006,NF
eri,2007,NF
eri,2008,NF
eri,2009,NF
eri,2010,NF
eri,2011,NF
eri,2012,NF
eri,2013,NF
eri,2014,NF
eri,2015,NF
eri,2016,NF
eri,2017,NF
eri,2018,NF
esp,1972,NF
esp,1973,NF
esp,1974,PF
esp,1975,PF
esp,1976,PF
esp,1977,F
esp,1978,F
esp,1979,F
esp,1980,F
esp,1981,F
esp,1983,F
esp,1984,F
esp,1985,F
esp,1986,F
esp,1987,F
esp,1988,F
esp,1989,F
esp,1990,F
esp,1991,F
esp,1992,F
esp,1993,F
esp,1994,F
esp,1995,F
esp,1996,F
esp,1997,F
esp,1998,F
esp,1999,F
esp,2000,F
esp,2001,F
esp,2002,F
esp,2003,F
esp,2004,F
esp,2005,F
esp,2006,F
esp,2007,F
esp,2008,F
esp,2009,F
esp,2010,F
esp,2011,F
esp,2012,F
esp,2013,F
esp,2014,F
esp,2015,F
esp,2016,F
esp,2017,F
esp,2018,F
est,1991,F
est,1992,PF
est,1993,F
est,1994,F
est,1995,F
est,1996,F
est,1997,F
est,1998,F
est,1999,F
est,2000,F
est,2001,F
est,2002,F
est,2003,F
est,2004,F
est,2005,F
est,2006,F
est,2007,F
est,2008,F
est,2009,F
est,2010,F
est,2011,F
est,2012,F
est,2013,F
est,2014,F
est,2015,F
est,2016,F
est,2017,F
est,2018,F
eth,1972,NF
eth,1973,PF
eth,1974,NF
eth,1975,NF
eth,1976,NF
eth,1977,NF
eth,1978,NF
eth,1979,NF
eth,1980,NF
eth,1981,NF
eth,1983,NF
eth,1984,NF
eth,1985,NF
eth,1986,NF
eth,1987,NF
eth,1988,NF
eth,1989,NF
eth,1990,NF
eth,1991,PF
eth,1992,PF
eth,1993,NF
eth,1994,NF
eth,1995,PF
eth,1996,PF
eth,1997,PF
eth,1998,PF
eth,1999,PF
eth,2000,PF
eth,2001,PF
eth,2002,PF
eth,2003,PF
eth,2004,PF
eth,2005,PF
eth,2006,PF
eth,2007,PF
eth,2008,PF
eth,2009,PF
eth,2010,NF
eth,2011,NF
eth,2012,NF
eth,2013,NF
eth,2014,NF
eth,2015,NF
eth,2016,NF
eth,2017,NF
eth,2018,NF
fin,1972,F
fin,1973,F
fin,1974,F
fin,1975,F
fin,1976,F
fin,1977,F
fin,1978,F
fin,1979,F
fin,1980,F
fin,1981,F
fin,1983,F
fin,1984,F
fin,1985,F
fin,1986,F
fin,1987,F
fin,1988,F
fin,1989,F
fin,1990,F
fin,1991,F
fin,1992,F
fin,1993,F
fin,1994,F
fin,1995,F
fin,1996,F
fin,1997,F
fin,1998,F
fin,1999,F
fin,2000,F
fin,2001,F
fin,2002,F
fin,2003,F
fin,2004,F
fin,2005,F
fin,2006,F
fin,2007,F
fin,2008,F
fin,2009,F
fin,2010,F
fin,2011,F
fin,2012,F
fin,2013,F
fin,2014,F
fin,2015,F
fin,2016,F
fin,2017,F
fin,2018,F
fji,1972,F
fji,1973,F
fji,1974,F
fji,1975,F
fji,1976,F
fji,1977,F
fji,1978,F
fji,1979,F
fji,1980,F
fji,1981,F
fji,1983,F
fji,1984,F
fji,1985,F
fji,1986,F
fji,1987,PF
fji,1988,PF
fji,1989,PF
fji,1990,PF
fji,1991,PF
fji,1992,PF
fji,1993,PF
fji,1994,PF
fji,1995,PF
fji,1996,PF
fji,1997,PF
fji,1998,PF
fji,1999,F
fji,2000,PF
fji,2001,PF
fji,2002,PF
fji,2003,PF
fji,2004,PF
fji,2005,PF
fji,2006,PF
fji,2007,PF
fji,2008,PF
fji,2009,PF
fji,2010,PF
fji,2011,PF
fji,2012,PF
fji,2013,PF
fji,2014,PF
fji,2015,PF
fji,2016,PF
fji,2017,PF
fji,2018,PF
fra,1972,F
fra,1973,F
fra,1974,F
fra,1975,F
fra,1976,F
fra,1977,F
fra,1978,F
fra,1979,F
fra,1980,F
fra,1981,F
fra,1983,F
fra,1984,F
fra,1985,F
fra,1986,F
fra,1987,F
fra,1988,F
fra,1989,F
fra,1990,F
fra,1991,F
fra,1992,F
fra,1993,F
fra,1994,F
fra,1995,F
fra,1996,F
fra,1997,F
fra,1998,F
fra,1999,F
fra,2000,F
fra,2001,F
fra,2002,F
fra,2003,F
fra,2004,F
fra,2005,F
fra,2006,F
fra,2007,F
fra,2008,F
fra,2009,F
fra,2010,F
fra,2011,F
fra,2012,F
fra,2013,F
fra,2014,F
fra,2015,F
fra,2016,F
fra,2017,F
fra,2018,F
fsm,1991,F
fsm,1992,F
fsm,1993,F
fsm,1994,F
fsm,1995,F
fsm,1996,F
fsm,1997,F
fsm,1998,F
fsm,1999,F
fsm,2000,F
fsm,2001,F
fsm,2002,F
fsm,2003,F
fsm,2004,F
fsm,2005,F
fsm,2006,F
fsm,2007,F
fsm,2008,F
fsm,2009,F
fsm,2010,F
fsm,2011,F
fsm,2012,F
fsm,2013,F
fsm,2014,F
fsm,2015,F
fsm,2016,F
fsm,2017,F
fsm,2018,F
gab,1972,NF
gab,1973,NF
gab,1974,NF
gab,1975,NF
gab,1976,NF
gab,1977,NF
gab,1978,NF
gab,1979,NF
gab,1980,NF
gab,1981,NF
gab,1983,NF
gab,1984,NF
gab,1985,NF
gab,1986,NF
gab,1987,NF
gab,1988,NF
gab,1989,NF
gab,1990,PF
gab,1991,PF
gab,1992,PF
gab,1993,PF
gab,1994,PF
gab,1995,PF
gab,1996,PF
gab,1997,PF
gab,1998,PF
gab,1999,PF
gab,2000,PF
gab,2001,PF
gab,2002,PF
gab,2003,PF
gab,2004,PF
gab,2005,PF
gab,2006,PF
gab,2007,PF
gab,2008,PF
gab,2009,NF
gab,2010,NF
gab,2011,NF
gab,2012,NF
gab,2013,NF
gab,2014,NF
gab,2015,NF
gab,2016,NF
gab,2017,NF
gab,2018,NF
gbr,1972,F
gbr,1973,F
gbr,1974,F
gbr,1975,F
gbr,1976,F
gbr,1977,F
gbr,1978,F
gbr,1979,F
gbr,1980,F
gbr,1981,F
gbr,1983,F
gbr,1984,F
gbr,1985,F
gbr,1986,F
gbr,1987,F
gbr,1988,F
gbr,1989,F
gbr,1990,F
gbr,1991,F
gbr,1992,F
gbr,1993,F
gbr,1994,F
gbr,1995,F
gbr,1996,F
gbr,1997,F
gbr,1998,F
gbr,1999,F
gbr,2000,F
gbr,2001,F
gbr,2002,F
gbr,2003,F
gbr,2004,F
gbr,2005,F
gbr,2006,F
gbr,2007,F
gbr,2008,F
gbr,2009,F
gbr,2010,F
gbr,2011,F
gbr,2012,F
gbr,2013,F
gbr,2014,F
gbr,2015,F
gbr,2016,F
gbr,2017,F
gbr,2018,F
geo,1991,NF
geo,1992,PF
geo,1993,PF
geo,1994,PF
geo,1995,PF
geo,1996,PF
geo,1997,PF
geo,1998,PF
geo,1999,PF
geo,2000,PF
geo,2001,PF
geo,2002,PF
geo,2003,PF
geo,2004,PF
geo,2005,PF
geo,2006,PF
geo,2007,PF
geo,2008,PF
geo,2009,PF
geo,2010,PF
geo,2011,PF
geo,2012,PF
geo,2013,PF
geo,2014,PF
geo,2015,PF
geo,2016,PF
geo,2017,PF
geo,2018,PF
gha,1972,NF
gha,1973,NF
gha,1974,NF
gha,1975,NF
gha,1976,NF
gha,1977,PF
gha,1978,PF
gha,1979,PF
gha,1980,F
gha,1981,NF
gha,1983,NF
gha,1984,NF
gha,1985,NF
gha,1986,NF
gha,1987,NF
gha,1988,NF
gha,1989,NF
gha,1990,NF
gha,1991,NF
gha,1992,PF
gha,1993,PF
gha,1994,PF
gha,1995,PF
gha,1996,PF
gha,1997,PF
gha,1998,PF
gha,1999,PF
gha,2000,F
gha,2001,F
gha,2002,F
gha,2003,F
gha,2004,F
gha,2005,F
gha,2006,F
gha,2007,F
gha,2008,F
gha,2009,F
gha,2010,F
gha,2011,F
gha,2012,F
gha,2013,F
gha,2014,F
gha,2015,F
gha,2016,F
gha,2017,F
gha,2018,F
gin,1972,NF
gin,1973,NF
gin,1974,NF
gin,1975,NF
gin,1976,NF
gin,1977,NF
gin,1978,NF
gin,1979,NF
gin,1980,NF
gin,1981,NF
gin,1983,NF
gin,1984,NF
gin,1985,NF
gin,1986,NF
gin,1987,NF
gin,1988,NF
gin,1989,NF
gin,1990,NF
gin,1991,NF
gin,1992,PF
gin,1993,NF
gin,1994,NF
gin,1995,NF
gin,1996,NF
gin,1997,NF
gin,1998,NF
gin,1999,NF
gin,2000,NF
gin,2001,NF
gin,2002,NF
gin,2003,NF
gin,2004,NF
gin,2005,NF
gin,2006,NF
gin,2007,NF
gin,2008,NF
gin,2009,NF
gin,2010,PF
gin,2011,PF
gin,2012,PF
gin,2013,PF
gin,2014,PF
gin,2015,PF
gin,2016,PF
gin,2017,PF
gin,2018,PF
gmb,1972,F
gmb,1973,F
gmb,1974,F
gmb,1975,F
gmb,1976,F
gmb,1977,F
gmb,1978,F
gmb,1979,F
gmb,1980,F
gmb,1981,PF
gmb,1983,PF
gmb,1984,PF
gmb,1985,PF
gmb,1986,PF
gmb,1987,PF
gmb,1988,PF
gmb,1989,F
gmb,1990,F
gmb,1991,F
gmb,1992,F
gmb,1993,F
gmb,1994,NF
gmb,1995,NF
gmb,1996,NF
gmb,1997,NF
gmb,1998,NF
gmb,1999,NF
gmb,2000,NF
gmb,2001,PF
gmb,2002,PF
gmb,2003,PF
gmb,2004,PF
gmb,2005,PF
gmb,2006,PF
gmb,2007,PF
gmb,2008,PF
gmb,2009,PF
gmb,2010,PF
gmb,2011,NF
gmb,2012,NF
gmb,2013,NF
gmb,2014,NF
gmb,2015,NF
gmb,2016,NF
gmb,2017,PF
gmb,2018,PF
gnb,1974,NF
gnb,1975,NF
gnb,1976,NF
gnb,1977,NF
gnb,1978,NF
gnb,1979,NF
gnb,1980,NF
gnb,1981,NF
gnb,1983,NF
gnb,1984,NF
gnb,1985,NF
gnb,1986,NF
gnb,1987,NF
gnb,1988,NF
gnb,1989,NF
gnb,1990,NF
gnb,1991,PF
gnb,1992,PF
gnb,1993,PF
gnb,1994,PF
gnb,1995,PF
gnb,1996,PF
gnb,1997,PF
gnb,1998,PF
gnb,1999,PF
gnb,2000,PF
gnb,2001,PF
gnb,2002,PF
gnb,2003,PF
gnb,2004,PF
gnb,2005,PF
gnb,2006,PF
gnb,2007,PF
gnb,2008,PF
gnb,2009,PF
gnb,2010,PF
gnb,2011,PF
gnb,2012,NF
gnb,2013,NF
gnb,2014,PF
gnb,2015,PF
gnb,2016,PF
gnb,2017,PF
gnb,2018,PF
gnq,1972,NF
gnq,1973,NF
gnq,1974,NF
gnq,1975,NF
gnq,1976,NF
gnq,1977,NF
gnq,1978,NF
gnq,1979,NF
gnq,1980,NF
gnq,1981,NF
gnq,1983,NF
gnq,1984,NF
gnq,1985,NF
gnq,1986,NF
gnq,1987,NF
gnq,1988,NF
gnq,1989,NF
gnq,1990,NF
gnq,1991,NF
gnq,1992,NF
gnq,1993,NF
gnq,1994,NF
gnq,1995,NF
gnq,1996,NF
gnq,1997,NF
gnq,1998,NF
gnq,1999,NF
gnq,2000,NF
gnq,2001,NF
gnq,2002,NF
gnq,2003,NF
gnq,2004,NF
gnq,2005,NF
gnq,2006,NF
gnq,2007,NF
gnq,2008,NF
gnq,2009,NF
gnq,2010,NF
gnq,2011,NF
gnq,2012,NF
gnq,2013,NF
gnq,2014,NF
gnq,2015,NF
gnq,2016,NF
gnq,2017,NF
gnq,2018,NF
grc,1972,NF
grc,1973,NF
grc,1974,F
grc,1975,F
grc,1976,F
grc,1977,F
grc,1978,F
grc,1979,F
grc,1980,F
grc,1981,F
grc,1983,F
grc,1984,F
grc,1985,F
grc,1986,F
grc,1987,F
grc,1988,F
grc,1989,F
grc,1990,F
grc,1991,F
grc,1992,F
grc,1993,F
grc,1994,F
grc,1995,F
grc,1996,F
grc,1997,F
grc,1998,F
grc,1999,F
grc,2000,F
grc,2001,F
grc,2002,F
grc,2003,F
grc,2004,F
grc,2005,F
grc,2006,F
grc,2007,F
grc,2008,F
grc,2009,F
grc,2010,F
grc,2011,F
grc,2012,F
grc,2013,F
grc,2014,F
grc,2015,F
grc,2016,F
grc,2017,F
grc,2018,F
grd,1974,PF
grd,1975,PF
grd,1976,PF
grd,1977,F
grd,1978,F
grd,1979,PF
grd,1980,NF
grd,1981,NF
grd,1983,NF
grd,1984,PF
grd,1985,F
grd,1986,F
grd,1987,F
grd,1988,F
grd,1989,F
grd,1990,F
grd,1991,F
grd,1992,F
grd,1993,F
grd,1994,F
grd,1995,F
grd,1996,F
grd,1997,F
grd,1998,F
grd,1999,F
grd,2000,F
grd,2001,F
grd,2002,F
grd,2003,F
grd,2004,F
grd,2005,F
grd,2006,F
grd,2007,F
grd,2008,F
grd,2009,F
grd,2010,F
grd,2011,F
grd,2012,F
grd,2013,F
grd,2014,F
grd,2015,F
grd,2016,F
grd,2017,F
grd,2018,F
gtm,1972,F
gtm,1973,F
gtm,1974,PF
gtm,1975,PF
gtm,1976,PF
gtm,1977,PF
gtm,1978,PF
gtm,1979,PF
gtm,1980,NF
gtm,1981,NF
gtm,1983,NF
gtm,1984,PF
gtm,1985,PF
gtm,1986,PF
gtm,1987,PF
gtm,1988,PF
gtm,1989,PF
gtm,1990,PF
gtm,1991,PF
gtm,1992,PF
gtm,1993,PF
gtm,1994,PF
gtm,1995,PF
gtm,1996,PF
gtm,1997,PF
gtm,1998,PF
gtm,1999,PF
gtm,2000,PF
gtm,2001,PF
gtm,2002,PF
gtm,2003,PF
gtm,2004,PF
gtm,2005,PF
gtm,2006,PF
gtm,2007,PF
gtm,2008,PF
gtm,2009,PF
gtm,2010,PF
gtm,2011,PF
gtm,2012,PF
gtm,2013,PF
gtm,2014,PF
gtm,2015,PF
gtm,2016,PF
gtm,2017,PF
gtm,2018,PF
guy,1972,F
guy,1973,PF
guy,1974,NF
guy,1975,PF
guy,1976,PF
guy,1977,PF
guy,1978,PF
guy,1979,PF
guy,1980,PF
guy,1981,PF
guy,1983,PF
guy,1984,PF
guy,1985,PF
guy,1986,PF
guy,1987,PF
guy,1988,PF
guy,1989,PF
guy,1990,PF
guy,1991,PF
guy,1992,PF
guy,1993,F
guy,1994,F
guy,1995,F
guy,1996,F
guy,1997,F
guy,1998,F
guy,1999,F
guy,2000,F
guy,2001,F
guy,2002,F
guy,2003,F
guy,2004,F
guy,2005,PF
guy,2006,F
guy,2007,F
guy,2008,F
guy,2009,F
guy,2010,F
guy,2011,F
guy,2012,F
guy,2013,F
guy,2014,F
guy,2015,F
guy,2016,F
guy,2017,F
guy,2018,F
hkg,1972,PF
hkg,1974,F
hkg,1975,F
hkg,1976,F
hkg,1977,F
hkg,1978,F
hkg,1979,PF
hkg,1980,PF
hkg,1981,PF
hkg,1983,PF
hkg,1984,PF
hkg,1985,PF
hkg,1986,PF
hkg,1987,PF
hkg,1988,PF
hkg,1989,PF
hkg,1990,PF
hkg,1991,PF
hkg,1992,PF
hkg,1993,PF
hkg,1994,PF
hkg,1995,PF
hkg,1996,PF
hkg,1997,PF
hkg,1998,PF
hkg,1999,PF
hkg,2000,PF
hkg,2001,PF
hkg,2002,PF
hkg,2003,PF
hkg,2004,PF
hkg,2005,PF
hkg,2006,PF
hkg,2007,PF
hkg,2008,PF
hkg,2009,PF
hkg,2010,PF
hkg,2011,PF
hkg,2012,PF
hkg,2013,PF
hkg,2014,PF
hkg,2015,PF
hkg,2016,PF
hkg,2017,PF
hkg,2018,PF
hnd,1972,PF
hnd,1973,PF
hnd,1974,PF
hnd,1975,PF
hnd,1976,PF
hnd,1977,PF
hnd,1978,PF
hnd,1979,PF
hnd,1980,PF
hnd,1981,F
hnd,1983,PF
hnd,1984,F
hnd,1985,F
hnd,1986,F
hnd,1987,F
hnd,1988,F
hnd,1989,F
hnd,1990,F
hnd,1991,F
hnd,1992,F
hnd,1993,PF
hnd,1994,PF
hnd,1995,PF
hnd,1996,PF
hnd,1997,F
hnd,1998,F
hnd,1999,PF
hnd,2000,PF
hnd,2001,PF
hnd,2002,PF
hnd,2003,PF
hnd,2004,PF
hnd,2005,PF
hnd,2006,PF
hnd,2007,PF
hnd,2008,PF
hnd,2009,PF
hnd,2010,PF
hnd,2011,PF
hnd,2012,PF
hnd,2013,PF
hnd,2014,PF
hnd,2015,PF
hnd,2016,PF
hnd,2017,PF
hnd,2018,PF
hrv,1991,PF
hrv,1992,PF
hrv,1993,PF
hrv,1994,PF
hrv,1995,PF
hrv,1996,PF
hrv,1997,PF
hrv,1998,PF
hrv,1999,PF
hrv,2000,F
hrv,2001,F
hrv,2002,F
hrv,2003,F
hrv,2004,F
hrv,2005,F
hrv,2006,F
hrv,2007,F
hrv,2008,F
hrv,2009,F
hrv,2010,F
hrv,2011,F
hrv,2012,F
hrv,2013,F
hrv,2014,F
hrv,2015,F
hrv,2016,F
hrv,2017,F
hrv,2018,F
hti,1972,NF
hti,1973,NF
hti,1974,NF
hti,1975,NF
hti,1976,NF
hti,1977,NF
hti,1978,NF
hti,1979,NF
hti,1980,NF
hti,1981,NF
hti,1983,NF
hti,1984,NF
hti,1985,NF
hti,1986,PF
hti,1987,PF
hti,1988,NF
hti,1989,NF
hti,1990,PF
hti,1991,NF
hti,1992,NF
hti,1993,NF
hti,1994,PF
hti,1995,PF
hti,1996,PF
hti,1997,PF
hti,1998,PF
hti,1999,PF
hti,2000,NF
hti,2001,NF
hti,2002,NF
hti,2003,NF
hti,2004,NF
hti,2005,NF
hti,2006,PF
hti,2007,PF
hti,2008,PF
hti,2009,PF
hti,2010,PF
hti,2011,PF
hti,2012,PF
hti,2013,PF
hti,2014,PF
hti,2015,PF
hti,2016,PF
hti,2017,PF
hti,2018,PF
hun,1972,NF
hun,1973,NF
hun,1974,NF
hun,1975,NF
hun,1976,NF
hun,1977,NF
hun,1978,NF
hun,1979,NF
hun,1980,NF
hun,1981,NF
hun,1983,NF
hun,1984,PF
hun,1985,PF
hun,1986,PF
hun,1987,PF
hun,1988,PF
hun,1989,PF
hun,1990,F
hun,1991,F
hun,1992,F
hun,1993,F
hun,1994,F
hun,1995,F
hun,1996,F
hun,1997,F
hun,1998,F
hun,1999,F
hun,2000,F
hun,2001,F
hun,2002,F
hun,2003,F
hun,2004,F
hun,2005,F
hun,2006,F
hun,2007,F
hun,2008,F
hun,2009,F
hun,2010,F
hun,2011,F
hun,2012,F
hun,2013,F
hun,2014,F
hun,2015,F
hun,2016,F
hun,2017,F
hun,2018,PF
idn,1972,PF
idn,1973,PF
idn,1974,PF
idn,1975,PF
idn,1976,PF
idn,1977,PF
idn,1978,PF
idn,1979,PF
idn,1980,PF
idn,1981,PF
idn,1983,PF
idn,1984,PF
idn,1985,PF
idn,1986,PF
idn,1987,PF
idn,1988,PF
idn,1989,PF
idn,1990,PF
idn,1991,PF
idn,1992,PF
idn,1993,NF
idn,1994,NF
idn,1995,NF
idn,1996,NF
idn,1997,NF
idn,1998,PF
idn,1999,PF
idn,2000,PF
idn,2001,PF
idn,2002,PF
idn,2003,PF
idn,2004,PF
idn,2005,F
idn,2006,F
idn,2007,F
idn,2008,F
idn,2009,F
idn,2010,F
idn,2011,F
idn,2012,F
idn,2013,PF
idn,2014,PF
idn,2015,PF
idn,2016,PF
idn,2017,PF
idn,2018,PF
ind,1972,F
ind,1973,F
ind,1974,F
ind,1975,PF
ind,1976,PF
ind,1977,F
ind,1978,F
ind,1979,F
ind,1980,F
ind,1981,F
ind,1983,F
ind,1984,F
ind,1985,F
ind,1986,F
ind,1987,F
ind,1988,F
ind,1989,F
ind,1990,F
ind,1991,PF
ind,1992,PF
ind,1993,PF
ind,1994,PF
ind,1995,PF
ind,1996,PF
ind,1997,PF
ind,1998,F
ind,1999,F
ind,2000,F
ind,2001,F
ind,2002,F
ind,2003,F
ind,2004,F
ind,2005,F
ind,2006,F
ind,2007,F
ind,2008,F
ind,2009,F
ind,2010,F
ind,2011,F
ind,2012,F
ind,2013,F
ind,2014,F
ind,2015,F
ind,2016,F
ind,2017,F
ind,2018,F
irl,1972,F
irl,1973,F
irl,1974,F
irl,1975,F
irl,1976,F
irl,1977,F
irl,1978,F
irl,1979,F
irl,1980,F
irl,1981,F
irl,1983,F
irl,1984,F
irl,1985,F
irl,1986,F
irl,1987,F
irl,1988,F
irl,1989,F
irl,1990,F
irl,1991,F
irl,1992,F
irl,1993,F
irl,1994,F
irl,1995,F
irl,1996,F
irl,1997,F
irl,1998,F
irl,1999,F
irl,2000,F
irl,2001,F
irl,2002,F
irl,2003,F
irl,2004,F
irl,2005,F
irl,2006,F
irl,2007,F
irl,2008,F
irl,2009,F
irl,2010,F
irl,2011,F
irl,2012,F
irl,2013,F
irl,2014,F
irl,2015,F
irl,2016,F
irl,2017,F
irl,2018,F
irn,1972,NF
irn,1973,NF
irn,1974,NF
irn,1975,NF
irn,1976,NF
irn,1977,NF
irn,1978,PF
irn,1979,PF
irn,1980,PF
irn,1981,NF
irn,1983,NF
irn,1984,PF
irn,1985,PF
irn,1986,PF
irn,1987,PF
irn,1988,NF
irn,1989,NF
irn,1990,NF
irn,1991,NF
irn,1992,NF
irn,1993,NF
irn,1994,NF
irn,1995,NF
irn,1996,NF
irn,1997,NF
irn,1998,NF
irn,1999,NF
irn,2000,NF
irn,2001,NF
irn,2002,NF
irn,2003,NF
irn,2004,NF
irn,2005,NF
irn,2006,NF
irn,2007,NF
irn,2008,NF
irn,2009,NF
irn,2010,NF
irn,2011,NF
irn,2012,NF
irn,2013,NF
irn,2014,NF
irn,2015,NF
irn,2016,NF
irn,2017,NF
irn,2018,NF
irq,1972,NF
irq,1973,NF
irq,1974,NF
irq,1975,NF
irq,1976,NF
irq,1977,NF
irq,1978,NF
irq,1979,NF
irq,1980,NF
irq,1981,NF
irq,1983,NF
irq,1984,NF
irq,1985,NF
irq,1986,NF
irq,1987,NF
irq,1988,NF
irq,1989,NF
irq,1990,NF
irq,1991,NF
irq,1992,NF
irq,1993,NF
irq,1994,NF
irq,1995,NF
irq,1996,NF
irq,1997,NF
irq,1998,NF
irq,1999,NF
irq,2000,NF
irq,2001,NF
irq,2002,NF
irq,2003,NF
irq,2004,NF
irq,2005,NF
irq,2006,NF
irq,2007,NF
irq,2008,NF
irq,2009,NF
irq,2010,NF
irq,2011,NF
irq,2012,NF
irq,2013,NF
irq,2014,NF
irq,2015,NF
irq,2016,NF
irq,2017,NF
irq,2018,NF
isl,1972,F
isl,1973,F
isl,1974,F
isl,1975,F
isl,1976,F
isl,1977,F
isl,1978,F
isl,1979,F
isl,1980,F
isl,1981,F
isl,1983,F
isl,1984,F
isl,1985,F
isl,1986,F
isl,1987,F
isl,1988,F
isl,1989,F
isl,1990,F
isl,1991,F
isl,1992,F
isl,1993,F
isl,1994,F
isl,1995,F
isl,1996,F
isl,1997,F
isl,1998,F
isl,1999,F
isl,2000,F
isl,2001,F
isl,2002,F
isl,2003,F
isl,2004,F
isl,2005,F
isl,2006,F
isl,2007,F
isl,2008,F
isl,2009,F
isl,2010,F
isl,2011,F
isl,2012,F
isl,2013,F
isl,2014,F
isl,2015,F
isl,2016,F
isl,2017,F
isl,2018,F
isr,1972,F
isr,1973,F
isr,1974,F
isr,1975,F
isr,1976,F
isr,1977,F
isr,1978,F
isr,1979,F
isr,1980,F
isr,1981,F
isr,1983,F
isr,1984,F
isr,1985,F
isr,1986,F
isr,1987,F
isr,1988,F
isr,1989,F
isr,1990,F
isr,1991,F
isr,1992,F
isr,1993,F
isr,1994,F
isr,1995,F
isr,1996,F
isr,1997,F
isr,1998,F
isr,1999,F
isr,2000,F
isr,2001,F
isr,2002,F
isr,2003,F
isr,2004,F
isr,2005,F
isr,2006,F
isr,2007,F
isr,2008,F
isr,2009,F
isr,2010,F
isr,2011,F
isr,2012,F
isr,2013,F
isr,2014,F
isr,2015,F
isr,2016,F
isr,2017,F
isr,2018,F
ita,1972,F
ita,1973,F
ita,1974,F
ita,1975,F
ita,1976,F
ita,1977,F
ita,1978,F
ita,1979,F
ita,1980,F
ita,1981,F
ita,1983,F
ita,1984,F
ita,1985,F
ita,1986,F
ita,1987,F
ita,1988,F
ita,1989,F
ita,1990,F
ita,1991,F
ita,1992,F
ita,1993,F
ita,1994,F
ita,1995,F
ita,1996,F
ita,1997,F
ita,1998,F
ita,1999,F
ita,2000,F
ita,2001,F
ita,2002,F
ita,2003,F
ita,2004,F
ita,2005,F
ita,2006,F
ita,2007,F
ita,2008,F
ita,2009,F
ita,2010,F
ita,2011,F
ita,2012,F
ita,2013,F
ita,2014,F
ita,2015,F
ita,2016,F
ita,2017,F
ita,2018,F
jam,1972,F
jam,1973,F
jam,1974,F
jam,1975,F
jam,1976,F
jam,1977,F
jam,1978,F
jam,1979,F
jam,1980,F
jam,1981,F
jam,1983,F
jam,1984,F
jam,1985,F
jam,1986,F
jam,1987,F
jam,1988,F
jam,1989,F
jam,1990,F
jam,1991,F
jam,1992,F
jam,1993,F
jam,1994,F
jam,1995,F
jam,1996,F
jam,1997,F
jam,1998,F
jam,1999,F
jam,2000,F
jam,2001,F
jam,2002,F
jam,2003,F
jam,2004,F
jam,2005,F
jam,2006,F
jam,2007,F
jam,2008,F
jam,2009,F
jam,2010,F
jam,2011,F
jam,2012,F
jam,2013,F
jam,2014,F
jam,2015,F
jam,2016,F
jam,2017,F
jam,2018,F
jor,1972,NF
jor,1973,NF
jor,1974,NF
jor,1975,NF
jor,1976,NF
jor,1977,NF
jor,1978,NF
jor,1979,NF
jor,1980,NF
jor,1981,NF
jor,1983,NF
jor,1984,PF
jor,1985,PF
jor,1986,PF
jor,1987,PF
jor,1988,NF
jor,1989,PF
jor,1990,PF
jor,1991,PF
jor,1992,PF
jor,1993,PF
jor,1994,PF
jor,1995,PF
jor,1996,PF
jor,1997,PF
jor,1998,PF
jor,1999,PF
jor,2000,PF
jor,2001,PF
jor,2002,PF
jor,2003,PF
jor,2004,PF
jor,2005,PF
jor,2006,PF
jor,2007,PF
jor,2008,PF
jor,2009,NF
jor,2010,NF
jor,2011,NF
jor,2012,NF
jor,2013,NF
jor,2014,NF
jor,2015,NF
jor,2016,PF
jor,2017,PF
jor,2018,PF
jpn,1972,F
jpn,1973,F
jpn,1974,F
jpn,1975,F
jpn,1976,F
jpn,1977,F
jpn,1978,F
jpn,1979,F
jpn,1980,F
jpn,1981,F
jpn,1983,F
jpn,1984,F
jpn,1985,F
jpn,1986,F
jpn,1987,F
jpn,1988,F
jpn,1989,F
jpn,1990,F
jpn,1991,F
jpn,1992,F
jpn,1993,F
jpn,1994,F
jpn,1995,F
jpn,1996,F
jpn,1997,F
jpn,1998,F
jpn,1999,F
jpn,2000,F
jpn,2001,F
jpn,2002,F
jpn,2003,F
jpn,2004,F
jpn,2005,F
jpn,2006,F
jpn,2007,F
jpn,2008,F
jpn,2009,F
jpn,2010,F
jpn,2011,F
jpn,2012,F
jpn,2013,F
jpn,2014,F
jpn,2015,F
jpn,2016,F
jpn,2017,F
jpn,2018,F
kaz,1991,PF
kaz,1992,PF
kaz,1993,PF
kaz,1994,NF
kaz,1995,NF
kaz,1996,NF
kaz,1997,NF
kaz,1998,NF
kaz,1999,NF
kaz,2000,NF
kaz,2001,NF
kaz,2002,NF
kaz,2003,NF
kaz,2004,NF
kaz,2005,NF
kaz,2006,NF
kaz,2007,NF
kaz,2008,NF
kaz,2009,NF
kaz,2010,NF
kaz,2011,NF
kaz,2012,NF
kaz,2013,NF
kaz,2014,NF
kaz,2015,NF
kaz,2016,NF
kaz,2017,NF
kaz,2018,NF
ken,1972,PF
ken,1973,PF
ken,1974,PF
ken,1975,PF
ken,1976,PF
ken,1977,PF
ken,1978,PF
ken,1979,PF
ken,1980,PF
ken,1981,PF
ken,1983,PF
ken,1984,PF
ken,1985,PF
ken,1986,PF
ken,1987,NF
ken,1988,NF
ken,1989,NF
ken,1990,NF
ken,1991,NF
ken,1992,PF
ken,1993,NF
ken,1994,NF
ken,1995,NF
ken,1996,NF
ken,1997,NF
ken,1998,NF
ken,1999,NF
ken,2000,NF
ken,2001,NF
ken,2002,PF
ken,2003,PF
ken,2004,PF
ken,2005,PF
ken,2006,PF
ken,2007,PF
ken,2008,PF
ken,2009,PF
ken,2010,PF
ken,2011,PF
ken,2012,PF
ken,2013,PF
ken,2014,PF
ken,2015,PF
ken,2016,PF
ken,2017,PF
ken,2018,PF
kgz,1991,PF
kgz,1992,PF
kgz,1993,PF
kgz,1994,PF
kgz,1995,PF
kgz,1996,PF
kgz,1997,PF
kgz,1998,PF
kgz,1999,PF
kgz,2000,NF
kgz,2001,NF
kgz,2002,NF
kgz,2003,NF
kgz,2004,NF
kgz,2005,PF
kgz,2006,PF
kgz,2007,PF
kgz,2008,PF
kgz,2009,NF
kgz,2010,PF
kgz,2011,PF
kgz,2012,PF
kgz,2013,PF
kgz,2014,PF
kgz,2015,PF
kgz,2016,PF
kgz,2017,PF
kgz,2018,PF
khm,1972,NF
khm,1973,NF
khm,1974,NF
khm,1975,NF
khm,1976,NF
khm,1977,NF
khm,1978,NF
khm,1979,NF
khm,1980,NF
khm,1981,NF
khm,1983,NF
khm,1984,NF
khm,1985,NF
khm,1986,NF
khm,1987,NF
khm,1988,NF
khm,1989,NF
khm,1990,NF
khm,1991,NF
khm,1992,NF
khm,1993,PF
khm,1994,PF
khm,1995,NF
khm,1996,NF
khm,1997,NF
khm,1998,NF
khm,1999,NF
khm,2000,NF
khm,2001,NF
khm,2002,NF
khm,2003,NF
khm,2004,NF
khm,2005,NF
khm,2006,NF
khm,2007,NF
khm,2008,NF
khm,2009,NF
khm,2010,NF
khm,2011,NF
khm,2012,NF
khm,2013,NF
khm,2014,NF
khm,2015,NF
khm,2016,NF
khm,2017,NF
khm,2018,NF
kir,1979,F
kir,1980,F
kir,1981,F
kir,1983,F
kir,1984,F
kir,1985,F
kir,1986,F
kir,1987,F
kir,1988,F
kir,1989,F
kir,1990,F
kir,1991,F
kir,1992,F
kir,1993,F
kir,1994,F
kir,1995,F
kir,1996,F
kir,1997,F
kir,1998,F
kir,1999,F
kir,2000,F
kir,2001,F
kir,2002,F
kir,2003,F
kir,2004,F
kir,2005,F
kir,2006,F
kir,2007,F
kir,2008,F
kir,2009,F
kir,2010,F
kir,2011,F
kir,2012,F
kir,2013,F
kir,2014,F
kir,2015,F
kir,2016,F
kir,2017,F
kir,2018,F
kna,1983,F
kna,1984,F
kna,1985,F
kna,1986,F
kna,1987,F
kna,1988,F
kna,1989,F
kna,1990,F
kna,1991,F
kna,1992,F
kna,1993,F
kna,1994,F
kna,1995,F
kna,1996,F
kna,1997,F
kna,1998,F
kna,1999,F
kna,2000,F
kna,2001,F
kna,2002,F
kna,2003,F
kna,2004,F
kna,2005,F
kna,2006,F
kna,2007,F
kna,2008,F
kna,2009,F
kna,2010,F
kna,2011,F
kna,2012,F
kna,2013,F
kna,2014,F
kna,2015,F
kna,2016,F
kna,2017,F
kna,2018,F
kor,1972,NF
kor,1973,PF
kor,1974,PF
kor,1975,PF
kor,1976,PF
kor,1977,PF
kor,1978,PF
kor,1979,PF
kor,1980,PF
kor,1981,PF
kor,1983,PF
kor,1984,PF
kor,1985,PF
kor,1986,PF
kor,1987,PF
kor,1988,F
kor,1989,F
kor,1990,F
kor,1991,F
kor,1992,F
kor,1993,F
kor,1994,F
kor,1995,F
kor,1996,F
kor,1997,F
kor,1998,F
kor,1999,F
kor,2000,F
kor,2001,F
kor,2002,F
kor,2003,F
kor,2004,F
kor,2005,F
kor,2006,F
kor,2007,F
kor,2008,F
kor,2009,F
kor,2010,F
kor,2011,F
kor,2012,F
kor,2013,F
kor,2014,F
kor,2015,F
kor,2016,F
kor,2017,F
kor,2018,F
kwt,1972,PF
kwt,1973,PF
kwt,1974,PF
kwt,1975,PF
kwt,1976,NF
kwt,1977,PF
kwt,1978,PF
kwt,1979,PF
kwt,1980,PF
kwt,1981,PF
kwt,1983,PF
kwt,1984,PF
kwt,1985,PF
kwt,1986,PF
kwt,1987,PF
kwt,1988,PF
kwt,1989,PF
kwt,1990,NF
kwt,1991,NF
kwt,1992,PF
kwt,1993,PF
kwt,1994,PF
kwt,1995,PF
kwt,1996,PF
kwt,1997,PF
kwt,1998,PF
kwt,1999,PF
kwt,2000,PF
kwt,2001,PF
kwt,2002,PF
kwt,2003,PF
kwt,2004,PF
kwt,2005,PF
kwt,2006,PF
kwt,2007,PF
kwt,2008,PF
kwt,2009,PF
kwt,2010,PF
kwt,2011,PF
kwt,2012,PF
kwt,2013,PF
kwt,2014,PF
kwt,2015,PF
kwt,2016,PF
kwt,2017,PF
kwt,2018,PF
lao,1972,PF
lao,1973,PF
lao,1974,PF
lao,1975,NF
lao,1976,NF
lao,1977,NF
lao,1978,NF
lao,1979,NF
lao,1980,NF
lao,1981,NF
lao,1983,NF
lao,1984,NF
lao,1985,NF
lao,1986,NF
lao,1987,NF
lao,1988,NF
lao,1989,NF
lao,1990,NF
lao,1991,NF
lao,1992,NF
lao,1993,NF
lao,1994,NF
lao,1995,NF
lao,1996,NF
lao,1997,NF
lao,1998,NF
lao,1999,NF
lao,2000,NF
lao,2001,NF
lao,2002,NF
lao,2003,NF
lao,2004,NF
lao,2005,NF
lao,2006,NF
lao,2007,NF
lao,2008,NF
lao,2009,NF
lao,2010,NF
lao,2011,NF
lao,2012,NF
lao,2013,NF
lao,2014,NF
lao,2015,NF
lao,2016,NF
lao,2017,NF
lao,2018,NF
lbn,1972,F
lbn,1973,F
lbn,1974,F
lbn,1975,PF
lbn,1976,PF
lbn,1977,PF
lbn,1978,PF
lbn,1979,PF
lbn,1980,PF
lbn,1981,PF
lbn,1983,PF
lbn,1984,PF
lbn,1985,PF
lbn,1986,PF
lbn,1987,PF
lbn,1988,NF
lbn,1989,NF
lbn,1990,NF
lbn,1991,PF
lbn,1992,PF
lbn,1993,PF
lbn,1994,PF
lbn,1995,NF
lbn,1996,NF
lbn,1997,NF
lbn,1998,NF
lbn,1999,NF
lbn,2000,NF
lbn,2001,NF
lbn,2002,NF
lbn,2003,NF
lbn,2004,NF
lbn,2005,PF
lbn,2006,PF
lbn,2007,PF
lbn,2008,PF
lbn,2009,PF
lbn,2010,PF
lbn,2011,PF
lbn,2012,PF
lbn,2013,PF
lbn,2014,PF
lbn,2015,PF
lbn,2016,PF
lbn,2017,PF
lbn,2018,PF
lbr,1972,NF
lbr,1973,NF
lbr,1974,PF
lbr,1975,PF
lbr,1976,PF
lbr,1977,PF
lbr,1978,PF
lbr,1979,PF
lbr,1980,NF
lbr,1981,NF
lbr,1983,PF
lbr,1984,PF
lbr,1985,PF
lbr,1986,PF
lbr,1987,PF
lbr,1988,PF
lbr,1989,NF
lbr,1990,NF
lbr,1991,NF
lbr,1992,NF
lbr,1993,NF
lbr,1994,NF
lbr,1995,NF
lbr,1996,NF
lbr,1997,PF
lbr,1998,PF
lbr,1999,PF
lbr,2000,PF
lbr,2001,NF
lbr,2002,NF
lbr,2003,NF
lbr,2004,PF
lbr,2005,PF
lbr,2006,PF
lbr,2007,PF
lbr,2008,PF
lbr,2009,PF
lbr,2010,PF
lbr,2011,PF
lbr,2012,PF
lbr,2013,PF
lbr,2014,PF
lbr,2015,PF
lbr,2016,PF
lbr,2017,PF
lbr,2018,PF
lby,1972,NF
lby,1973,NF
lby,1974,NF
lby,1975,NF
lby,1976,NF
lby,1977,NF
lby,1978,NF
lby,1979,NF
lby,1980,NF
lby,1981,NF
lby,1983,NF
lby,1984,NF
lby,1985,NF
lby,1986,NF
lby,1987,NF
lby,1988,NF
lby,1989,NF
lby,1990,NF
lby,1991,NF
lby,1992,NF
lby,1993,NF
lby,1994,NF
lby,1995,NF
lby,1996,NF
lby,1997,NF
lby,1998,NF
lby,1999,NF
lby,2000,NF
lby,2001,NF
lby,2002,NF
lby,2003,NF
lby,2004,NF
lby,2005,NF
lby,2006,NF
lby,2007,NF
lby,2008,NF
lby,2009,NF
lby,2010,NF
lby,2011,NF
lby,2012,PF
lby,2013,PF
lby,2014,NF
lby,2015,NF
lby,2016,NF
lby,2017,NF
lby,2018,NF
lca,1979,F
lca,1980,F
lca,1981,F
lca,1983,F
lca,1984,F
lca,1985,F
lca,1986,F
lca,1987,F
lca,1988,F
lca,1989,F
lca,1990,F
lca,1991,F
lca,1992,F
lca,1993,F
lca,1994,F
lca,1995,F
lca,1996,F
lca,1997,F
lca,1998,F
lca,1999,F
lca,2000,F
lca,2001,F
lca,2002,F
lca,2003,F
lca,2004,F
lca,2005,F
lca,2006,F
lca,2007,F
lca,2008,F
lca,2009,F
lca,2010,F
lca,2011,F
lca,2012,F
lca,2013,F
lca,2014,F
lca,2015,F
lca,2016,F
lca,2017,F
lca,2018,F
lie,1972,PF
lie,1973,PF
lie,1974,PF
lie,1975,PF
lie,1976,PF
lie,1992,F
lie,1993,F
lie,1994,F
lie,1995,F
lie,1996,F
lie,1997,F
lie,1998,F
lie,1999,F
lie,2000,F
lie,2001,F
lie,2002,F
lie,2003,F
lie,2004,F
lie,2005,F
lie,2006,F
lie,2007,F
lie,2008,F
lie,2009,F
lie,2010,F
lie,2011,F
lie,2012,F
lie,2013,F
lie,2014,F
lie,2015,F
lie,2016,F
lie,2017,F
lie,2018,F
lka,1972,F
lka,1973,F
lka,1974,F
lka,1975,PF
lka,1976,F
lka,1977,F
lka,1978,F
lka,1979,F
lka,1980,F
lka,1981,F
lka,1983,PF
lka,1984,PF
lka,1985,PF
lka,1986,PF
lka,1987,PF
lka,1988,PF
lka,1989,PF
lka,1990,PF
lka,1991,PF
lka,1992,PF
lka,1993,PF
lka,1994,PF
lka,1995,PF
lka,1996,PF
lka,1997,PF
lka,1998,PF
lka,1999,PF
lka,2000,PF
lka,2001,PF
lka,2002,PF
lka,2003,PF
lka,2004,PF
lka,2005,PF
lka,2006,PF
lka,2007,PF
lka,2008,PF
lka,2009,PF
lka,2010,PF
lka,2011,PF
lka,2012,PF
lka,2013,PF
lka,2014,PF
lka,2015,PF
lka,2016,PF
lka,2017,PF
lka,2018,PF
lso,1972,NF
lso,1973,PF
lso,1974,PF
lso,1975,PF
lso,1976,PF
lso,1977,PF
lso,1978,PF
lso,1979,PF
lso,1980,PF
lso,1981,PF
lso,1983,PF
lso,1984,PF
lso,1985,PF
lso,1986,PF
lso,1987,PF
lso,1988,NF
lso,1989,NF
lso,1990,NF
lso,1991,PF
lso,1992,PF
lso,1993,PF
lso,1994,PF
lso,1995,PF
lso,1996,PF
lso,1997,PF
lso,1998,PF
lso,1999,PF
lso,2000,PF
lso,2001,PF
lso,2002,F
lso,2003,F
lso,2004,F
lso,2005,F
lso,2006,F
lso,2007,F
lso,2008,F
lso,2009,PF
lso,2010,PF
lso,2011,PF
lso,2012,F
lso,2013,F
lso,2014,F
lso,2015,PF
lso,2016,PF
lso,2017,PF
lso,2018,PF
ltu,1991,F
ltu,1992,F
ltu,1993,F
ltu,1994,F
ltu,1995,F
ltu,1996,F
ltu,1997,F
ltu,1998,F
ltu,1999,F
ltu,2000,F
ltu,2001,F
ltu,2002,F
ltu,2003,F
ltu,2004,F
ltu,2005,F
ltu,2006,F
ltu,2007,F
ltu,2008,F
ltu,2009,F
ltu,2010,F
ltu,2011,F
ltu,2012,F
ltu,2013,F
ltu,2014,F
ltu,2015,F
ltu,2016,F
ltu,2017,F
ltu,2018,F
lux,1972,F
lux,1973,F
lux,1974,F
lux,1975,F
lux,1976,F
lux,1977,F
lux,1978,F
lux,1979,F
lux,1980,F
lux,1981,F
lux,1983,F
lux,1984,F
lux,1985,F
lux,1986,F
lux,1987,F
lux,1988,F
lux,1989,F
lux,1990,F
lux,1991,F
lux,1992,F
lux,1993,F
lux,1994,F
lux,1995,F
lux,1996,F
lux,1997,F
lux,1998,F
lux,1999,F
lux,2000,F
lux,2001,F
lux,2002,F
lux,2003,F
lux,2004,F
lux,2005,F
lux,2006,F
lux,2007,F
lux,2008,F
lux,2009,F
lux,2010,F
lux,2011,F
lux,2012,F
lux,2013,F
lux,2014,F
lux,2015,F
lux,2016,F
lux,2017,F
lux,2018,F
lva,1991,F
lva,1992,PF
lva,1993,PF
lva,1994,F
lva,1995,F
lva,1996,F
lva,1997,F
lva,1998,F
lva,1999,F
lva,2000,F
lva,2001,F
lva,2002,F
lva,2003,F
lva,2004,F
lva,2005,F
lva,2006,F
lva,2007,F
lva,2008,F
lva,2009,F
lva,2010,F
lva,2011,F
lva,2012,F
lva,2013,F
lva,2014,F
lva,2015,F
lva,2016,F
lva,2017,F
lva,2018,F
mar,1972,PF
mar,1973,PF
mar,1974,PF
mar,1975,PF
mar,1976,PF
mar,1977,PF
mar,1978,PF
mar,1979,PF
mar,1980,PF
mar,1981,PF
mar,1983,PF
mar,1984,PF
mar,1985,PF
mar,1986,PF
mar,1987,PF
mar,1988,PF
mar,1989,PF
mar,1990,PF
mar,1991,PF
mar,1992,PF
mar,1993,PF
mar,1994,PF
mar,1995,PF
mar,1996,PF
mar,1997,PF
mar,1998,PF
mar,1999,PF
mar,2000,PF
mar,2001,PF
mar,2002,PF
mar,2003,PF
mar,2004,PF
mar,2005,PF
mar,2006,PF
mar,2007,PF
mar,2008,PF
mar,2009,PF
mar,2010,PF
mar,2011,PF
mar,2012,PF
mar,2013,PF
mar,2014,PF
mar,2015,PF
mar,2016,PF
mar,2017,PF
mar,2018,PF
mco,1972,PF
mco,1973,PF
mco,1974,PF
mco,1975,PF
mco,1976,PF
mco,1993,F
mco,1994,F
mco,1995,F
mco,1996,F
mco,1997,F
mco,1998,F
mco,1999,F
mco,2000,F
mco,2001,F
mco,2002,F
mco,2003,F
mco,2004,F
mco,2005,F
mco,2006,F
mco,2007,F
mco,2008,F
mco,2009,F
mco,2010,F
mco,2011,F
mco,2012,F
mco,2013,F
mco,2014,F
mco,2015,F
mco,2016,F
mco,2017,F
mco,2018,F
mda,1991,PF
mda,1992,PF
mda,1993,PF
mda,1994,PF
mda,1995,PF
mda,1996,PF
mda,1997,PF
mda,1998,PF
mda,1999,PF
mda,2000,PF
mda,2001,PF
mda,2002,PF
mda,2003,PF
mda,2004,PF
mda,2005,PF
mda,2006,PF
mda,2007,PF
mda,2008,PF
mda,2009,PF
mda,2010,PF
mda,2011,PF
mda,2012,PF
mda,2013,PF
mda,2014,PF
mda,2015,PF
mda,2016,PF
mda,2017,PF
mda,2018,PF
mdg,1972,PF
mdg,1973,PF
mdg,1974,PF
mdg,1975,PF
mdg,1976,NF
mdg,1977,PF
mdg,1978,NF
mdg,1979,NF
mdg,1980,NF
mdg,1981,NF
mdg,1983,PF
mdg,1984,PF
mdg,1985,PF
mdg,1986,PF
mdg,1987,PF
mdg,1988,PF
mdg,1989,PF
mdg,1990,PF
mdg,1991,PF
mdg,1992,PF
mdg,1993,PF
mdg,1994,PF
mdg,1995,PF
mdg,1996,PF
mdg,1997,PF
mdg,1998,PF
mdg,1999,PF
mdg,2000,PF
mdg,2001,PF
mdg,2002,PF
mdg,2003,PF
mdg,2004,PF
mdg,2005,PF
mdg,2006,PF
mdg,2007,PF
mdg,2008,PF
mdg,2009,PF
mdg,2010,PF
mdg,2011,PF
mdg,2012,PF
mdg,2013,PF
mdg,2014,PF
mdg,2015,PF
mdg,2016,PF
mdg,2017,PF
mdg,2018,PF
mdv,1972,F
mdv,1973,PF
mdv,1974,PF
mdv,1975,PF
mdv,1976,PF
mdv,1977,PF
mdv,1978,PF
mdv,1979,PF
mdv,1980,PF
mdv,1981,PF
mdv,1983,PF
mdv,1984,PF
mdv,1985,PF
mdv,1986,PF
mdv,1987,PF
mdv,1988,NF
mdv,1989,NF
mdv,1990,NF
mdv,1991,NF
mdv,1992,NF
mdv,1993,NF
mdv,1994,NF
mdv,1995,NF
mdv,1996,NF
mdv,1997,NF
mdv,1998,NF
mdv,1999,NF
mdv,2000,NF
mdv,2001,NF
mdv,2002,NF
mdv,2003,NF
mdv,2004,NF
mdv,2005,NF
mdv,2006,NF
mdv,2007,NF
mdv,2008,PF
mdv,2009,PF
mdv,2010,PF
mdv,2011,PF
mdv,2012,PF
mdv,2013,PF
mdv,2014,PF
mdv,2015,PF
mdv,2016,PF
mdv,2017,PF
mdv,2018,PF
mex,1972,PF
mex,1973,PF
mex,1974,PF
mex,1975,PF
mex,1976,PF
mex,1977,PF
mex,1978,PF
mex,1979,PF
mex,1980,PF
mex,1981,PF
mex,1983,PF
mex,1984,PF
mex,1985,PF
mex,1986,PF
mex,1987,PF
mex,1988,PF
mex,1989,PF
mex,1990,PF
mex,1991,PF
mex,1992,PF
mex,1993,PF
mex,1994,PF
mex,1995,PF
mex,1996,PF
mex,1997,PF
mex,1998,PF
mex,1999,PF
mex,2000,F
mex,2001,F
mex,2002,F
mex,2003,F
mex,2004,F
mex,2005,F
mex,2006,F
mex,2007,F
mex,2008,F
mex,2009,F
mex,2010,PF
mex,2011,PF
mex,2012,PF
mex,2013,PF
mex,2014,PF
mex,2015,PF
mex,2016,PF
mex,2017,PF
mex,2018,PF
mhl,1991,F
mhl,1992,F
mhl,1993,F
mhl,1994,F
mhl,1995,F
mhl,1996,F
mhl,1997,F
mhl,1998,F
mhl,1999,F
mhl,2000,F
mhl,2001,F
mhl,2002,F
mhl,2003,F
mhl,2004,F
mhl,2005,F
mhl,2006,F
mhl,2007,F
mhl,2008,F
mhl,2009,F
mhl,2010,F
mhl,2011,F
mhl,2012,F
mhl,2013,F
mhl,2014,F
mhl,2015,F
mhl,2016,F
mhl,2017,F
mhl,2018,F
mkd,1992,PF
mkd,1993,PF
mkd,1994,PF
mkd,1995,PF
mkd,1996,PF
mkd,1997,PF
mkd,1998,PF
mkd,1999,PF
mkd,2000,PF
mkd,2001,PF
mkd,2002,PF
mkd,2003,PF
mkd,2004,PF
mkd,2005,PF
mkd,2006,PF
mkd,2007,PF
mkd,2008,PF
mkd,2009,PF
mkd,2010,PF
mkd,2011,PF
mkd,2012,PF
mkd,2013,PF
mkd,2014,PF
mkd,2015,PF
mkd,2016,PF
mkd,2017,PF
mkd,2018,PF
mli,1972,NF
mli,1973,NF
mli,1974,NF
mli,1975,NF
mli,1976,NF
mli,1977,NF
mli,1978,NF
mli,1979,NF
mli,1980,NF
mli,1981,NF
mli,1983,NF
mli,1984,NF
mli,1985,NF
mli,1986,NF
mli,1987,NF
mli,1988,NF
mli,1989,NF
mli,1990,NF
mli,1991,PF
mli,1992,F
mli,1993,F
mli,1994,PF
mli,1995,F
mli,1996,F
mli,1997,F
mli,1998,F
mli,1999,F
mli,2000,F
mli,2001,F
mli,2002,F
mli,2003,F
mli,2004,F
mli,2005,F
mli,2006,F
mli,2007,F
mli,2008,F
mli,2009,F
mli,2010,F
mli,2011,F
mli,2012,NF
mli,2013,PF
mli,2014,PF
mli,2015,PF
mli,2016,PF
mli,2017,PF
mli,2018,PF
mlt,1972,F
mlt,1973,F
mlt,1974,F
mlt,1975,F
mlt,1976,F
mlt,1977,F
mlt,1978,F
mlt,1979,F
mlt,1980,F
mlt,1981,F
mlt,1983,PF
mlt,1984,PF
mlt,1985,PF
mlt,1986,PF
mlt,1987,F
mlt,1988,F
mlt,1989,F
mlt,1990,F
mlt,1991,F
mlt,1992,F
mlt,1993,F
mlt,1994,F
mlt,1995,F
mlt,1996,F
mlt,1997,F
mlt,1998,F
mlt,1999,F
mlt,2000,F
mlt,2001,F
mlt,2002,F
mlt,2003,F
mlt,2004,F
mlt,2005,F
mlt,2006,F
mlt,2007,F
mlt,2008,F
mlt,2009,F
mlt,2010,F
mlt,2011,F
mlt,2012,F
mlt,2013,F
mlt,2014,F
mlt,2015,F
mlt,2016,F
mlt,2017,F
mlt,2018,F
mmr,1972,NF
mmr,1973,NF
mmr,1974,NF
mmr,1975,NF
mmr,1976,NF
mmr,1977,NF
mmr,1978,NF
mmr,1979,NF
mmr,1980,NF
mmr,1981,NF
mmr,1983,NF
mmr,1984,NF
mmr,1985,NF
mmr,1986,NF
mmr,1987,NF
mmr,1988,NF
mmr,1989,NF
mmr,1990,NF
mmr,1991,NF
mmr,1992,NF
mmr,1993,NF
mmr,1994,NF
mmr,1995,NF
mmr,1996,NF
mmr,1997,NF
mmr,1998,NF
mmr,1999,NF
mmr,2000,NF
mmr,2001,NF
mmr,2002,NF
mmr,2003,NF
mmr,2004,NF
mmr,2005,NF
mmr,2006,NF
mmr,2007,NF
mmr,2008,NF
mmr,2009,NF
mmr,2010,NF
mmr,2011,NF
mmr,2012,NF
mmr,2013,NF
mmr,2014,NF
mmr,2015,NF
mmr,2016,PF
mmr,2017,PF
mmr,2018,PF
mne,2006,PF
mne,2007,PF
mne,2008,PF
mne,2009,F
mne,2010,F
mne,2011,F
mne,2012,F
mne,2013,F
mne,2014,F
mne,2015,PF
mne,2016,PF
mne,2017,PF
mne,2018,PF
mng,1972,NF
mng,1973,NF
mng,1974,NF
mng,1975,NF
mng,1976,NF
mng,1977,NF
mng,1978,NF
mng,1979,NF
mng,1980,NF
mng,1981,NF
mng,1983,NF
mng,1984,NF
mng,1985,NF
mng,1986,NF
mng,1987,NF
mng,1988,NF
mng,1989,NF
mng,1990,PF
mng,1991,F
mng,1992,F
mng,1993,F
mng,1994,F
mng,1995,F
mng,1996,F
mng,1997,F
mng,1998,F
mng,1999,F
mng,2000,F
mng,2001,F
mng,2002,F
mng,2003,F
mng,2004,F
mng,2005,F
mng,2006,F
mng,2007,F
mng,2008,F
mng,2009,F
mng,2010,F
mng,2011,F
mng,2012,F
mng,2013,F
mng,2014,F
mng,2015,F
mng,2016,F
mng,2017,F
mng,2018,F
moz,1975,NF
moz,1976,NF
moz,1977,NF
moz,1978,NF
moz,1979,NF
moz,1980,NF
moz,1981,NF
moz,1983,NF
moz,1984,NF
moz,1985,NF
moz,1986,NF
moz,1987,NF
moz,1988,NF
moz,1989,NF
moz,1990,NF
moz,1991,PF
moz,1992,PF
moz,1993,NF
moz,1994,PF
moz,1995,PF
moz,1996,PF
moz,1997,PF
moz,1998,PF
moz,1999,PF
moz,2000,PF
moz,2001,PF
moz,2002,PF
moz,2003,PF
moz,2004,PF
moz,2005,PF
moz,2006,PF
moz,2007,PF
moz,2008,PF
moz,2009,PF
moz,2010,PF
moz,2011,PF
moz,2012,PF
moz,2013,PF
moz,2014,PF
moz,2015,PF
moz,2016,PF
moz,2017,PF
moz,2018,PF
mrt,1972,NF
mrt,1973,NF
mrt,1974,NF
mrt,1975,NF
mrt,1976,NF
mrt,1977,NF
mrt,1978,NF
mrt,1979,NF
mrt,1980,NF
mrt,1981,NF
mrt,1983,NF
mrt,1984,NF
mrt,1985,NF
mrt,1986,NF
mrt,1987,NF
mrt,1988,NF
mrt,1989,NF
mrt,1990,NF
mrt,1991,NF
mrt,1992,NF
mrt,1993,NF
mrt,1994,NF
mrt,1995,NF
mrt,1996,NF
mrt,1997,NF
mrt,1998,NF
mrt,1999,NF
mrt,2000,NF
mrt,2001,PF
mrt,2002,PF
mrt,2003,NF
mrt,2004,NF
mrt,2005,PF
mrt,2006,PF
mrt,2007,PF
mrt,2008,NF
mrt,2009,NF
mrt,2010,NF
mrt,2011,NF
mrt,2012,NF
mrt,2013,NF
mrt,2014,NF
mrt,2015,NF
mrt,2016,NF
mrt,2017,NF
mrt,2018,NF
mus,1972,F
mus,1973,F
mus,1974,F
mus,1975,F
mus,1976,F
mus,1977,F
mus,1978,PF
mus,1979,PF
mus,1980,PF
mus,1981,F
mus,1983,F
mus,1984,F
mus,1985,F
mus,1986,F
mus,1987,F
mus,1988,F
mus,1989,F
mus,1990,F
mus,1991,F
mus,1992,F
mus,1993,F
mus,1994,F
mus,1995,F
mus,1996,F
mus,1997,F
mus,1998,F
mus,1999,F
mus,2000,F
mus,2001,F
mus,2002,F
mus,2003,F
mus,2004,F
mus,2005,F
mus,2006,F
mus,2007,F
mus,2008,F
mus,2009,F
mus,2010,F
mus,2011,F
mus,2012,F
mus,2013,F
mus,2014,F
mus,2015,F
mus,2016,F
mus,2017,F
mus,2018,F
mwi,1972,NF
mwi,1973,NF
mwi,1974,NF
mwi,1975,NF
mwi,1976,NF
mwi,1977,NF
mwi,1978,NF
mwi,1979,NF
mwi,1980,NF
mwi,1981,NF
mwi,1983,NF
mwi,1984,NF
mwi,1985,NF
mwi,1986,NF
mwi,1987,NF
mwi,1988,NF
mwi,1989,NF
mwi,1990,NF
mwi,1991,NF
mwi,1992,NF
mwi,1993,NF
mwi,1994,F
mwi,1995,F
mwi,1996,F
mwi,1997,F
mwi,1998,F
mwi,1999,PF
mwi,2000,PF
mwi,2001,PF
mwi,2002,PF
mwi,2003,PF
mwi,2004,PF
mwi,2005,PF
mwi,2006,PF
mwi,2007,PF
mwi,2008,PF
mwi,2009,PF
mwi,2010,PF
mwi,2011,PF
mwi,2012,PF
mwi,2013,PF
mwi,2014,PF
mwi,2015,PF
mwi,2016,PF
mwi,2017,PF
mwi,2018,PF
mys,1972,F
mys,1973,F
mys,1974,PF
mys,1975,PF
mys,1976,PF
mys,1977,PF
mys,1978,PF
mys,1979,PF
mys,1980,PF
mys,1981,PF
mys,1983,PF
mys,1984,PF
mys,1985,PF
mys,1986,PF
mys,1987,PF
mys,1988,PF
mys,1989,PF
mys,1990,PF
mys,1991,PF
mys,1992,PF
mys,1993,PF
mys,1994,PF
mys,1995,PF
mys,1996,PF
mys,1997,PF
mys,1998,PF
mys,1999,PF
mys,2000,PF
mys,2001,PF
mys,2002,PF
mys,2003,PF
mys,2004,PF
mys,2005,PF
mys,2006,PF
mys,2007,PF
mys,2008,PF
mys,2009,PF
mys,2010,PF
mys,2011,PF
mys,2012,PF
mys,2013,PF
mys,2014,PF
mys,2015,PF
mys,2016,PF
mys,2017,PF
mys,2018,PF
nam,1972,NF
nam,1973,NF
nam,1974,NF
nam,1989,PF
nam,1990,F
nam,1991,F
nam,1992,F
nam,1993,F
nam,1994,F
nam,1995,F
nam,1996,F
nam,1997,F
nam,1998,F
nam,1999,F
nam,2000,F
nam,2001,F
nam,2002,F
nam,2003,F
nam,2004,F
nam,2005,F
nam,2006,F
nam,2007,F
nam,2008,F
nam,2009,F
nam,2010,F
nam,2011,F
nam,2012,F
nam,2013,F
nam,2014,F
nam,2015,F
nam,2016,F
nam,2017,F
nam,2018,F
ner,1972,NF
ner,1973,NF
ner,1974,NF
ner,1975,NF
ner,1976,NF
ner,1977,NF
ner,1978,NF
ner,1979,NF
ner,1980,NF
ner,1981,NF
ner,1983,NF
ner,1984,NF
ner,1985,NF
ner,1986,NF
ner,1987,NF
ner,1988,NF
ner,1989,NF
ner,1990,NF
ner,1991,PF
ner,1992,PF
ner,1993,PF
ner,1994,PF
ner,1995,PF
ner,1996,NF
ner,1997,NF
ner,1998,NF
ner,1999,PF
ner,2000,PF
ner,2001,PF
ner,2002,PF
ner,2003,PF
ner,2004,PF
ner,2005,PF
ner,2006,PF
ner,2007,PF
ner,2008,PF
ner,2009,PF
ner,2010,PF
ner,2011,PF
ner,2012,PF
ner,2013,PF
ner,2014,PF
ner,2015,PF
ner,2016,PF
ner,2017,PF
ner,2018,PF
nga,1972,PF
nga,1973,PF
nga,1974,PF
nga,1975,PF
nga,1976,PF
nga,1977,PF
nga,1978,PF
nga,1979,F
nga,1980,F
nga,1981,F
nga,1983,F
nga,1984,NF
nga,1985,NF
nga,1986,NF
nga,1987,PF
nga,1988,PF
nga,1989,PF
nga,1990,PF
nga,1991,PF
nga,1992,PF
nga,1993,NF
nga,1994,NF
nga,1995,NF
nga,1996,NF
nga,1997,NF
nga,1998,PF
nga,1999,PF
nga,2000,PF
nga,2001,PF
nga,2002,PF
nga,2003,PF
nga,2004,PF
nga,2005,PF
nga,2006,PF
nga,2007,PF
nga,2008,PF
nga,2009,PF
nga,2010,PF
nga,2011,PF
nga,2012,PF
nga,2013,PF
nga,2014,PF
nga,2015,PF
nga,2016,PF
nga,2017,PF
nga,2018,PF
nic,1972,PF
nic,1973,PF
nic,1974,PF
nic,1975,PF
nic,1976,PF
nic,1977,PF
nic,1978,PF
nic,1979,PF
nic,1980,PF
nic,1981,PF
nic,1983,PF
nic,1984,PF
nic,1985,PF
nic,1986,PF
nic,1987,PF
nic,1988,PF
nic,1989,PF
nic,1990,PF
nic,1991,PF
nic,1992,PF
nic,1993,PF
nic,1994,PF
nic,1995,PF
nic,1996,PF
nic,1997,PF
nic,1998,PF
nic,1999,PF
nic,2000,PF
nic,2001,PF
nic,2002,PF
nic,2003,PF
nic,2004,PF
nic,2005,PF
nic,2006,PF
nic,2007,PF
nic,2008,PF
nic,2009,PF
nic,2010,PF
nic,2011,PF
nic,2012,PF
nic,2013,PF
nic,2014,PF
nic,2015,PF
nic,2016,PF
nic,2017,PF
nic,2018,NF
nld,1972,F
nld,1973,F
nld,1974,F
nld,1975,F
nld,1976,F
nld,1977,F
nld,1978,F
nld,1979,F
nld,1980,F
nld,1981,F
nld,1983,F
nld,1984,F
nld,1985,F
nld,1986,F
nld,1987,F
nld,1988,F
nld,1989,F
nld,1990,F
nld,1991,F
nld,1992,F
nld,1993,F
nld,1994,F
nld,1995,F
nld,1996,F
nld,1997,F
nld,1998,F
nld,1999,F
nld,2000,F
nld,2001,F
nld,2002,F
nld,2003,F
nld,2004,F
nld,2005,F
nld,2006,F
nld,2007,F
nld,2008,F
nld,2009,F
nld,2010,F
nld,2011,F
nld,2012,F
nld,2013,F
nld,2014,F
nld,2015,F
nld,2016,F
nld,2017,F
nld,2018,F
nor,1972,F
nor,1973,F
nor,1974,F
nor,1975,F
nor,1976,F
nor,1977,F
nor,1978,F
nor,1979,F
nor,1980,F
nor,1981,F
nor,1983,F
nor,1984,F
nor,1985,F
nor,1986,F
nor,1987,F
nor,1988,F
nor,1989,F
nor,1990,F
nor,1991,F
nor,1992,F
nor,1993,F
nor,1994,F
nor,1995,F
nor,1996,F
nor,1997,F
nor,1998,F
nor,1999,F
nor,2000,F
nor,2001,F
nor,2002,F
nor,2003,F
nor,2004,F
nor,2005,F
nor,2006,F
nor,2007,F
nor,2008,F
nor,2009,F
nor,2010,F
nor,2011,F
nor,2012,F
nor,2013,F
nor,2014,F
nor,2015,F
nor,2016,F
nor,2017,F
nor,2018,F
npl,1972,NF
npl,1973,NF
npl,1974,NF
npl,1975,NF
npl,1976,NF
npl,1977,PF
npl,1978,PF
npl,1979,PF
npl,1980,PF
npl,1981,PF
npl,1983,PF
npl,1984,PF
npl,1985,PF
npl,1986,PF
npl,1987,PF
npl,1988,PF
npl,1989,PF
npl,1990,PF
npl,1991,F
npl,1992,F
npl,1993,PF
npl,1994,PF
npl,1995,PF
npl,1996,PF
npl,1997,PF
npl,1998,PF
npl,1999,PF
npl,2000,PF
npl,2001,PF
npl,2002,PF
npl,2003,PF
npl,2004,PF
npl,2005,NF
npl,2006,PF
npl,2007,PF
npl,2008,PF
npl,2009,PF
npl,2010,PF
npl,2011,PF
npl,2012,PF
npl,2013,PF
npl,2014,PF
npl,2015,PF
npl,2016,PF
npl,2017,PF
npl,2018,PF
nru,1972,F
nru,1973,F
nru,1974,F
nru,1975,F
nru,1976,F
nru,1977,F
nru,1978,F
nru,1979,F
nru,1980,F
nru,1981,F
nru,1983,F
nru,1984,F
nru,1985,F
nru,1986,F
nru,1987,F
nru,1988,F
nru,1989,F
nru,1990,F
nru,1991,F
nru,1992,F
nru,1993,F
nru,1994,F
nru,1995,F
nru,1996,F
nru,1997,F
nru,1998,F
nru,1999,F
nru,2000,F
nru,2001,F
nru,2002,F
nru,2003,F
nru,2004,F
nru,2005,F
nru,2006,F
nru,2007,F
nru,2008,F
nru,2009,F
nru,2010,F
nru,2011,F
nru,2012,F
nru,2013,F
nru,2014,F
nru,2015,F
nru,2016,F
nru,2017,F
nru,2018,F
nzl,1972,F
nzl,1973,F
nzl,1974,F
nzl,1975,F
nzl,1976,F
nzl,1977,F
nzl,1978,F
nzl,1979,F
nzl,1980,F
nzl,1981,F
nzl,1983,F
nzl,1984,F
nzl,1985,F
nzl,1986,F
nzl,1987,F
nzl,1988,F
nzl,1989,F
nzl,1990,F
nzl,1991,F
nzl,1992,F
nzl,1993,F
nzl,1994,F
nzl,1995,F
nzl,1996,F
nzl,1997,F
nzl,1998,F
nzl,1999,F
nzl,2000,F
nzl,2001,F
nzl,2002,F
nzl,2003,F
nzl,2004,F
nzl,2005,F
nzl,2006,F
nzl,2007,F
nzl,2008,F
nzl,2009,F
nzl,2010,F
nzl,2011,F
nzl,2012,F
nzl,2013,F
nzl,2014,F
nzl,2015,F
nzl,2016,F
nzl,2017,F
nzl,2018,F
omn,1972,NF
omn,1973,NF
omn,1974,NF
omn,1975,NF
omn,1976,NF
omn,1977,NF
omn,1978,NF
omn,1979,NF
omn,1980,NF
omn,1981,NF
omn,1983,NF
omn,1984,NF
omn,1985,NF
omn,1986,NF
omn,1987,NF
omn,1988,NF
omn,1989,NF
omn,1990,NF
omn,1991,NF
omn,1992,PF
omn,1993,NF
omn,1994,NF
omn,1995,NF
omn,1996,NF
omn,1997,NF
omn,1998,NF
omn,1999,NF
omn,2000,NF
omn,2001,NF
omn,2002,NF
omn,2003,NF
omn,2004,NF
omn,2005,NF
omn,2006,NF
omn,2007,NF
omn,2008,NF
omn,2009,NF
omn,2010,NF
omn,2011,NF
omn,2012,NF
omn,2013,NF
omn,2014,NF
omn,2015,NF
omn,2016,NF
omn,2017,NF
omn,2018,NF
pak,1972,PF
pak,1973,PF
pak,1974,PF
pak,1975,PF
pak,1976,PF
pak,1977,PF
pak,1978,PF
pak,1979,NF
pak,1980,NF
pak,1981,NF
pak,1983,NF
pak,1984,NF
pak,1985,PF
pak,1986,PF
pak,1987,PF
pak,1988,PF
pak,1989,PF
pak,1990,PF
pak,1991,PF
pak,1992,PF
pak,1993,PF
pak,1994,PF
pak,1995,PF
pak,1996,PF
pak,1997,PF
pak,1998,PF
pak,1999,NF
pak,2000,NF
pak,2001,NF
pak,2002,NF
pak,2003,NF
pak,2004,NF
pak,2005,NF
pak,2006,NF
pak,2007,NF
pak,2008,PF
pak,2009,PF
pak,2010,PF
pak,2011,PF
pak,2012,PF
pak,2013,PF
pak,2014,PF
pak,2015,PF
pak,2016,PF
pak,2017,PF
pak,2018,PF
pan,1972,NF
pan,1973,NF
pan,1974,NF
pan,1975,NF
pan,1976,NF
pan,1977,NF
pan,1978,PF
pan,1979,PF
pan,1980,PF
pan,1981,PF
pan,1983,PF
pan,1984,PF
pan,1985,PF
pan,1986,PF
pan,1987,PF
pan,1988,NF
pan,1989,NF
pan,1990,PF
pan,1991,PF
pan,1992,PF
pan,1993,PF
pan,1994,F
pan,1995,F
pan,1996,F
pan,1997,F
pan,1998,F
pan,1999,F
pan,2000,F
pan,2001,F
pan,2002,F
pan,2003,F
pan,2004,F
pan,2005,F
pan,2006,F
pan,2007,F
pan,2008,F
pan,2009,F
pan,2010,F
pan,2011,F
pan,2012,F
pan,2013,F
pan,2014,F
pan,2015,F
pan,2016,F
pan,2017,F
pan,2018,F
per,1972,NF
per,1973,NF
per,1974,NF
per,1975,PF
per,1976,PF
per,1977,PF
per,1978,PF
per,1979,PF
per,1980,F
per,1981,F
per,1983,F
per,1984,F
per,1985,F
per,1986,F
per,1987,F
per,1988,F
per,1989,PF
per,1990,PF
per,1991,PF
per,1992,PF
per,1993,PF
per,1994,PF
per,1995,PF
per,1996,PF
per,1997,PF
per,1998,PF
per,1999,PF
per,2000,PF
per,2001,F
per,2002,F
per,2003,F
per,2004,F
per,2005,F
per,2006,F
per,2007,F
per,2008,F
per,2009,F
per,2010,F
per,2011,F
per,2012,F
per,2013,F
per,2014,F
per,2015,F
per,2016,F
per,2017,F
per,2018,F
phl,1972,PF
phl,1973,PF
phl,1974,PF
phl,1975,PF
phl,1976,PF
phl,1977,PF
phl,1978,PF
phl,1979,PF
phl,1980,PF
phl,1981,PF
phl,1983,PF
phl,1984,PF
phl,1985,PF
phl,1986,PF
phl,1987,F
phl,1988,F
phl,1989,F
phl,1990,PF
phl,1991,PF
phl,1992,PF
phl,1993,PF
phl,1994,PF
phl,1995,PF
phl,1996,F
phl,1997,F
phl,1998,F
phl,1999,F
phl,2000,F
phl,2001,F
phl,2002,F
phl,2003,F
phl,2004,F
phl,2005,PF
phl,2006,PF
phl,2007,PF
phl,2008,PF
phl,2009,PF
phl,2010,PF
phl,2011,PF
phl,2012,PF
phl,2013,PF
phl,2014,PF
phl,2015,PF
phl,2016,PF
phl,2017,PF
phl,2018,PF
plw,1994,F
plw,1995,F
plw,1996,F
plw,1997,F
plw,1998,F
plw,1999,F
plw,2000,F
plw,2001,F
plw,2002,F
plw,2003,F
plw,2004,F
plw,2005,F
plw,2006,F
plw,2007,F
plw,2008,F
plw,2009,F
plw,2010,F
plw,2011,F
plw,2012,F
plw,2013,F
plw,2014,F
plw,2015,F
plw,2016,F
plw,2017,F
plw,2018,F
png,1975,PF
png,1976,F
png,1977,F
png,1978,F
png,1979,F
png,1980,F
png,1981,F
png,1983,F
png,1984,F
png,1985,F
png,1986,F
png,1987,F
png,1988,F
png,1989,F
png,1990,F
png,1991,F
png,1992,F
png,1993,PF
png,1994,PF
png,1995,PF
png,1996,PF
png,1997,PF
png,1998,F
png,1999,F
png,2000,F
png,2001,F
png,2002,F
png,2003,PF
png,2004,PF
png,2005,PF
png,2006,PF
png,2007,PF
png,2008,PF
png,2009,PF
png,2010,PF
png,2011,PF
png,2012,PF
png,2013,PF
png,2014,PF
png,2015,PF
png,2016,PF
png,2017,PF
png,2018,PF
pol,1972,NF
pol,1973,NF
pol,1974,NF
pol,1975,NF
pol,1976,NF
pol,1977,NF
pol,1978,PF
pol,1979,PF
pol,1980,PF
pol,1981,NF
pol,1983,PF
pol,1984,PF
pol,1985,PF
pol,1986,PF
pol,1987,PF
pol,1988,PF
pol,1989,PF
pol,1990,F
pol,1991,F
pol,1992,F
pol,1993,F
pol,1994,F
pol,1995,F
pol,1996,F
pol,1997,F
pol,1998,F
pol,1999,F
pol,2000,F
pol,2001,F
pol,2002,F
pol,2003,F
pol,2004,F
pol,2005,F
pol,2006,F
pol,2007,F
pol,2008,F
pol,2009,F
pol,2010,F
pol,2011,F
pol,2012,F
pol,2013,F
pol,2014,F
pol,2015,F
pol,2016,F
pol,2017,F
pol,2018,F
prk,1972,NF
prk,1973,NF
prk,1974,NF
prk,1975,NF
prk,1976,NF
prk,1977,NF
prk,1978,NF
prk,1979,NF
prk,1980,NF
prk,1981,NF
prk,1983,NF
prk,1984,NF
prk,1985,NF
prk,1986,NF
prk,1987,NF
prk,1988,NF
prk,1989,NF
prk,1990,NF
prk,1991,NF
prk,1992,NF
prk,1993,NF
prk,1994,NF
prk,1995,NF
prk,1996,NF
prk,1997,NF
prk,1998,NF
prk,1999,NF
prk,2000,NF
prk,2001,NF
prk,2002,NF
prk,2003,NF
prk,2004,NF
prk,2005,NF
prk,2006,NF
prk,2007,NF
prk,2008,NF
prk,2009,NF
prk,2010,NF
prk,2011,NF
prk,2012,NF
prk,2013,NF
prk,2014,NF
prk,2015,NF
prk,2016,NF
prk,2017,NF
prk,2018,NF
prt,1972,NF
prt,1973,NF
prt,1974,PF
prt,1975,PF
prt,1976,F
prt,1977,F
prt,1978,F
prt,1979,F
prt,1980,F
prt,1981,F
prt,1983,F
prt,1984,F
prt,1985,F
prt,1986,F
prt,1987,F
prt,1988,F
prt,1989,F
prt,1990,F
prt,1991,F
prt,1992,F
prt,1993,F
prt,1994,F
prt,1995,F
prt,1996,F
prt,1997,F
prt,1998,F
prt,1999,F
prt,2000,F
prt,2001,F
prt,2002,F
prt,2003,F
prt,2004,F
prt,2005,F
prt,2006,F
prt,2007,F
prt,2008,F
prt,2009,F
prt,2010,F
prt,2011,F
prt,2012,F
prt,2013,F
prt,2014,F
prt,2015,F
prt,2016,F
prt,2017,F
prt,2018,F
pry,1972,PF
pry,1973,PF
pry,1974,PF
pry,1975,PF
pry,1976,NF
pry,1977,NF
pry,1978,PF
pry,1979,PF
pry,1980,PF
pry,1981,PF
pry,1983,PF
pry,1984,PF
pry,1985,PF
pry,1986,PF
pry,1987,PF
pry,1988,NF
pry,1989,PF
pry,1990,PF
pry,1991,PF
pry,1992,PF
pry,1993,PF
pry,1994,PF
pry,1995,PF
pry,1996,PF
pry,1997,PF
pry,1998,PF
pry,1999,PF
pry,2000,PF
pry,2001,PF
pry,2002,PF
pry,2003,PF
pry,2004,PF
pry,2005,PF
pry,2006,PF
pry,2007,PF
pry,2008,PF
pry,2009,PF
pry,2010,PF
pry,2011,PF
pry,2012,PF
pry,2013,PF
pry,2014,PF
pry,2015,PF
pry,2016,PF
pry,2017,PF
pry,2018,PF
qat,1972,NF
qat,1973,NF
qat,1974,NF
qat,1975,NF
qat,1976,PF
qat,1977,PF
qat,1978,PF
qat,1979,PF
qat,1980,PF
qat,1981,PF
qat,1983,PF
qat,1984,PF
qat,1985,PF
qat,1986,PF
qat,1987,PF
qat,1988,PF
qat,1989,NF
qat,1990,NF
qat,1991,NF
qat,1992,NF
qat,1993,NF
qat,1994,NF
qat,1995,NF
qat,1996,NF
qat,1997,NF
qat,1998,NF
qat,1999,NF
qat,2000,NF
qat,2001,NF
qat,2002,NF
qat,2003,NF
qat,2004,NF
qat,2005,NF
qat,2006,NF
qat,2007,NF
qat,2008,NF
qat,2009,NF
qat,2010,NF
qat,2011,NF
qat,2012,NF
qat,2013,NF
qat,2014,NF
qat,2015,NF
qat,2016,NF
qat,2017,NF
qat,2018,NF
rou,1972,NF
rou,1973,NF
rou,1974,NF
rou,1975,NF
rou,1976,NF
rou,1977,NF
rou,1978,NF
rou,1979,NF
rou,1980,NF
rou,1981,NF
rou,1983,NF
rou,1984,NF
rou,1985,NF
rou,1986,NF
rou,1987,NF
rou,1988,NF
rou,1989,NF
rou,1990,NF
rou,1991,PF
rou,1992,PF
rou,1993,PF
rou,1994,PF
rou,1995,PF
rou,1996,F
rou,1997,F
rou,1998,F
rou,1999,F
rou,2000,F
rou,2001,F
rou,2002,F
rou,2003,F
rou,2004,F
rou,2005,F
rou,2006,F
rou,2007,F
rou,2008,F
rou,2009,F
rou,2010,F
rou,2011,F
rou,2012,F
rou,2013,F
rou,2014,F
rou,2015,F
rou,2016,F
rou,2017,F
rou,2018,F
rus,1991,PF
rus,1992,PF
rus,1993,PF
rus,1994,PF
rus,1995,PF
rus,1996,PF
rus,1997,PF
rus,1998,PF
rus,1999,PF
rus,2000,PF
rus,2001,PF
rus,2002,PF
rus,2003,PF
rus,2004,NF
rus,2005,NF
rus,2006,NF
rus,2007,NF
rus,2008,NF
rus,2009,NF
rus,2010,NF
rus,2011,NF
rus,2012,NF
rus,2013,NF
rus,2014,NF
rus,2015,NF
rus,2016,NF
rus,2017,NF
rus,2018,NF
rwa,1972,NF
rwa,1973,NF
rwa,1974,NF
rwa,1975,NF
rwa,1976,NF
rwa,1977,NF
rwa,1978,NF
rwa,1979,NF
rwa,1980,NF
rwa,1981,NF
rwa,1983,NF
rwa,1984,NF
rwa,1985,NF
rwa,1986,NF
rwa,1987,NF
rwa,1988,NF
rwa,1989,NF
rwa,1990,NF
rwa,1991,NF
rwa,1992,NF
rwa,1993,NF
rwa,1994,NF
rwa,1995,NF
rwa,1996,NF
rwa,1997,NF
rwa,1998,NF
rwa,1999,NF
rwa,2000,NF
rwa,2001,NF
rwa,2002,NF
rwa,2003,NF
rwa,2004,NF
rwa,2005,NF
rwa,2006,NF
rwa,2007,NF
rwa,2008,NF
rwa,2009,NF
rwa,2010,NF
rwa,2011,NF
rwa,2012,NF
rwa,2013,NF
rwa,2014,NF
rwa,2015,NF
rwa,2016,NF
rwa,2017,NF
rwa,2018,NF
sau,1972,NF
sau,1973,NF
sau,1974,NF
sau,1975,NF
sau,1976,NF
sau,1977,NF
sau,1978,NF
sau,1979,NF
sau,1980,NF
sau,1981,NF
sau,1983,NF
sau,1984,NF
sau,1985,NF
sau,1986,NF
sau,1987,NF
sau,1988,NF
sau,1989,NF
sau,1990,NF
sau,1991,NF
sau,1992,NF
sau,1993,NF
sau,1994,NF
sau,1995,NF
sau,1996,NF
sau,1997,NF
sau,1998,NF
sau,1999,NF
sau,2000,NF
sau,2001,NF
sau,2002,NF
sau,2003,NF
sau,2004,NF
sau,2005,NF
sau,2006,NF
sau,2007,NF
sau,2008,NF
sau,2009,NF
sau,2010,NF
sau,2011,NF
sau,2012,NF
sau,2013,NF
sau,2014,NF
sau,2015,NF
sau,2016,NF
sau,2017,NF
sau,2018,NF
sdn,1972,NF
sdn,1973,NF
sdn,1974,NF
sdn,1975,NF
sdn,1976,NF
sdn,1977,NF
sdn,1978,PF
sdn,1979,PF
sdn,1980,PF
sdn,1981,PF
sdn,1983,PF
sdn,1984,NF
sdn,1985,NF
sdn,1986,PF
sdn,1987,PF
sdn,1988,PF
sdn,1989,NF
sdn,1990,NF
sdn,1991,NF
sdn,1992,NF
sdn,1993,NF
sdn,1994,NF
sdn,1995,NF
sdn,1996,NF
sdn,1997,NF
sdn,1998,NF
sdn,1999,NF
sdn,2000,NF
sdn,2001,NF
sdn,2002,NF
sdn,2003,NF
sdn,2004,NF
sdn,2005,NF
sdn,2006,NF
sdn,2007,NF
sdn,2008,NF
sdn,2009,NF
sdn,2010,NF
sdn,2011,NF
sdn,2012,NF
sdn,2013,NF
sdn,2014,NF
sdn,2015,NF
sdn,2016,NF
sdn,2017,NF
sdn,2018,NF
sen,1972,NF
sen,1973,NF
sen,1974,NF
sen,1975,PF
sen,1976,PF
sen,1977,PF
sen,1978,PF
sen,1979,PF
sen,1980,PF
sen,1981,PF
sen,1983,PF
sen,1984,PF
sen,1985,PF
sen,1986,PF
sen,1987,PF
sen,1988,PF
sen,1989,PF
sen,1990,PF
sen,1991,PF
sen,1992,PF
sen,1993,PF
sen,1994,PF
sen,1995,PF
sen,1996,PF
sen,1997,PF
sen,1998,PF
sen,1999,PF
sen,2000,PF
sen,2001,PF
sen,2002,F
sen,2003,F
sen,2004,F
sen,2005,F
sen,2006,F
sen,2007,F
sen,2008,PF
sen,2009,PF
sen,2010,PF
sen,2011,PF
sen,2012,F
sen,2013,F
sen,2014,F
sen,2015,F
sen,2016,F
sen,2017,F
sen,2018,F
sgp,1972,PF
sgp,1973,PF
sgp,1974,PF
sgp,1975,PF
sgp,1976,PF
sgp,1977,PF
sgp,1978,PF
sgp,1979,PF
sgp,1980,PF
sgp,1981,PF
sgp,1983,PF
sgp,1984,PF
sgp,1985,PF
sgp,1986,PF
sgp,1987,PF
sgp,1988,PF
sgp,1989,PF
sgp,1990,PF
sgp,1991,PF
sgp,1992,PF
sgp,1993,PF
sgp,1994,PF
sgp,1995,PF
sgp,1996,PF
sgp,1997,PF
sgp,1998,PF
sgp,1999,PF
sgp,2000,PF
sgp,2001,PF
sgp,2002,PF
sgp,2003,PF
sgp,2004,PF
sgp,2005,PF
sgp,2006,PF
sgp,2007,PF
sgp,2008,PF
sgp,2009,PF
sgp,2010,PF
sgp,2011,PF
sgp,2012,PF
sgp,2013,PF
sgp,2014,PF
sgp,2015,PF
sgp,2016,PF
sgp,2017,PF
sgp,2018,PF
slb,1978,F
slb,1979,F
slb,1980,F
slb,1981,F
slb,1983,F
slb,1984,F
slb,1985,F
slb,1986,F
slb,1987,F
slb,1988,F
slb,1989,F
slb,1990,F
slb,1991,F
slb,1992,F
slb,1993,F
slb,1994,F
slb,1995,F
slb,1996,F
slb,1997,F
slb,1998,F
slb,1999,F
slb,2000,PF
slb,2001,PF
slb,2002,PF
slb,2003,PF
slb,2004,PF
slb,2005,PF
slb,2006,PF
slb,2007,PF
slb,2008,PF
slb,2009,PF
slb,2010,PF
slb,2011,PF
slb,2012,PF
slb,2013,PF
slb,2014,PF
slb,2015,PF
slb,2016,F
slb,2017,F
slb,2018,F
sle,1972,PF
sle,1973,PF
sle,1974,PF
sle,1975,PF
sle,1976,PF
sle,1977,PF
sle,1978,PF
sle,1979,PF
sle,1980,PF
sle,1981,PF
sle,1983,PF
sle,1984,PF
sle,1985,PF
sle,1986,PF
sle,1987,PF
sle,1988,PF
sle,1989,PF
sle,1990,PF
sle,1991,PF
sle,1992,NF
sle,1993,NF
sle,1994,NF
sle,1995,NF
sle,1996,PF
sle,1997,NF
sle,1998,PF
sle,1999,PF
sle,2000,PF
sle,2001,PF
sle,2002,PF
sle,2003,PF
sle,2004,PF
sle,2005,PF
sle,2006,PF
sle,2007,PF
sle,2008,PF
sle,2009,PF
sle,2010,PF
sle,2011,PF
sle,2012,F
sle,2013,PF
sle,2014,PF
sle,2015,PF
sle,2016,PF
sle,2017,PF
sle,2018,PF
slv,1972,F
slv,1973,F
slv,1974,F
slv,1975,F
slv,1976,PF
slv,1977,PF
slv,1978,PF
slv,1979,PF
slv,1980,PF
slv,1981,PF
slv,1983,PF
slv,1984,PF
slv,1985,PF
slv,1986,PF
slv,1987,PF
slv,1988,PF
slv,1989,PF
slv,1990,PF
slv,1991,PF
slv,1992,PF
slv,1993,PF
slv,1994,PF
slv,1995,PF
slv,1996,PF
slv,1997,F
slv,1998,F
slv,1999,F
slv,2000,F
slv,2001,F
slv,2002,F
slv,2003,F
slv,2004,F
slv,2005,F
slv,2006,F
slv,2007,F
slv,2008,F
slv,2009,F
slv,2010,F
slv,2011,F
slv,2012,F
slv,2013,F
slv,2014,F
slv,2015,F
slv,2016,F
slv,2017,F
slv,2018,F
smr,1972,F
smr,1973,F
smr,1974,F
smr,1975,F
smr,1976,F
smr,1992,F
smr,1993,F
smr,1994,F
smr,1995,F
smr,1996,F
smr,1997,F
smr,1998,F
smr,1999,F
smr,2000,F
smr,2001,F
smr,2002,F
smr,2003,F
smr,2004,F
smr,2005,F
smr,2006,F
smr,2007,F
smr,2008,F
smr,2009,F
smr,2010,F
smr,2011,F
smr,2012,F
smr,2013,F
smr,2014,F
smr,2015,F
smr,2016,F
smr,2017,F
smr,2018,F
som,1972,NF
som,1973,NF
som,1974,NF
som,1975,NF
som,1976,NF
som,1977,NF
som,1978,NF
som,1979,NF
som,1980,NF
som,1981,NF
som,1983,NF
som,1984,NF
som,1985,NF
som,1986,NF
som,1987,NF
som,1988,NF
som,1989,NF
som,1990,NF
som,1991,NF
som,1992,NF
som,1993,NF
som,1994,NF
som,1995,NF
som,1996,NF
som,1997,NF
som,1998,NF
som,1999,NF
som,2000,NF
som,2001,NF
som,2002,NF
som,2003,NF
som,2004,NF
som,2005,NF
som,2006,NF
som,2007,NF
som,2008,NF
som,2009,NF
som,2010,NF
som,2011,NF
som,2012,NF
som,2013,NF
som,2014,NF
som,2015,NF
som,2016,NF
som,2017,NF
som,2018,NF
srb,2006,F
srb,2007,F
srb,2008,F
srb,2009,F
srb,2010,F
srb,2011,F
srb,2012,F
srb,2013,F
srb,2014,F
srb,2015,F
srb,2016,F
srb,2017,F
srb,2018,PF
ssd,2011,NF
ssd,2012,NF
ssd,2013,NF
ssd,2014,NF
ssd,2015,NF
ssd,2016,NF
ssd,2017,NF
ssd,2018,NF
stp,1975,PF
stp,1976,PF
stp,1977,NF
stp,1978,NF
stp,1979,NF
stp,1980,NF
stp,1981,NF
stp,1983,NF
stp,1984,NF
stp,1985,NF
stp,1986,NF
stp,1987,NF
stp,1988,NF
stp,1989,NF
stp,1990,PF
stp,1991,F
stp,1992,F
stp,1993,F
stp,1994,F
stp,1995,F
stp,1996,F
stp,1997,F
stp,1998,F
stp,1999,F
stp,2000,F
stp,2001,F
stp,2002,F
stp,2003,F
stp,2004,F
stp,2005,F
stp,2006,F
stp,2007,F
stp,2008,F
stp,2009,F
stp,2010,F
stp,2011,F
stp,2012,F
stp,2013,F
stp,2014,F
stp,2015,F
stp,2016,F
stp,2017,F
stp,2018,F
sur,1975,F
sur,1976,F
sur,1977,F
sur,1978,F
sur,1979,F
sur,1980,NF
sur,1981,NF
sur,1983,NF
sur,1984,NF
sur,1985,NF
sur,1986,NF
sur,1987,PF
sur,1988,F
sur,1989,PF
sur,1990,PF
sur,1991,PF
sur,1992,PF
sur,1993,PF
sur,1994,PF
sur,1995,PF
sur,1996,PF
sur,1997,PF
sur,1998,PF
sur,1999,PF
sur,2000,F
sur,2001,F
sur,2002,F
sur,2003,F
sur,2004,F
sur,2005,F
sur,2006,F
sur,2007,F
sur,2008,F
sur,2009,F
sur,2010,F
sur,2011,F
sur,2012,F
sur,2013,F
sur,2014,F
sur,2015,F
sur,2016,F
sur,2017,F
sur,2018,F
svk,1993,PF
svk,1994,F
svk,1995,F
svk,1996,PF
svk,1997,PF
svk,1998,F
svk,1999,F
svk,2000,F
svk,2001,F
svk,2002,F
svk,2003,F
svk,2004,F
svk,2005,F
svk,2006,F
svk,2007,F
svk,2008,F
svk,2009,F
svk,2010,F
svk,2011,F
svk,2012,F
svk,2013,F
svk,2014,F
svk,2015,F
svk,2016,F
svk,2017,F
svk,2018,F
svn,1991,F
svn,1992,F
svn,1993,F
svn,1994,F
svn,1995,F
svn,1996,F
svn,1997,F
svn,1998,F
svn,1999,F
svn,2000,F
svn,2001,F
svn,2002,F
svn,2003,F
svn,2004,F
svn,2005,F
svn,2006,F
svn,2007,F
svn,2008,F
svn,2009,F
svn,2010,F
svn,2011,F
svn,2012,F
svn,2013,F
svn,2014,F
svn,2015,F
svn,2016,F
svn,2017,F
svn,2018,F
swe,1972,F
swe,1973,F
swe,1974,F
swe,1975,F
swe,1976,F
swe,1977,F
swe,1978,F
swe,1979,F
swe,1980,F
swe,1981,F
swe,1983,F
swe,1984,F
swe,1985,F
swe,1986,F
swe,1987,F
swe,1988,F
swe,1989,F
swe,1990,F
swe,1991,F
swe,1992,F
swe,1993,F
swe,1994,F
swe,1995,F
swe,1996,F
swe,1997,F
swe,1998,F
swe,1999,F
swe,2000,F
swe,2001,F
swe,2002,F
swe,2003,F
swe,2004,F
swe,2005,F
swe,2006,F
swe,2007,F
swe,2008,F
swe,2009,F
swe,2010,F
swe,2011,F
swe,2012,F
swe,2013,F
swe,2014,F
swe,2015,F
swe,2016,F
swe,2017,F
swe,2018,F
swz,1972,PF
swz,1973,PF
swz,1974,PF
swz,1975,PF
swz,1976,PF
swz,1977,PF
swz,1978,PF
swz,1979,PF
swz,1980,PF
swz,1981,PF
swz,1983,PF
swz,1984,PF
swz,1985,PF
swz,1986,PF
swz,1987,PF
swz,1988,PF
swz,1989,PF
swz,1990,PF
swz,1991,PF
swz,1992,PF
swz,1993,NF
swz,1994,NF
swz,1995,NF
swz,1996,NF
swz,1997,NF
swz,1998,NF
swz,1999,NF
swz,2000,NF
swz,2001,NF
swz,2002,NF
swz,2003,NF
swz,2004,NF
swz,2005,NF
swz,2006,NF
swz,2007,NF
swz,2008,NF
swz,2009,NF
swz,2010,NF
swz,2011,NF
swz,2012,NF
swz,2013,NF
swz,2014,NF
swz,2015,NF
swz,2016,NF
swz,2017,NF
swz,2018,NF
syc,1976,F
syc,1977,PF
syc,1978,PF
syc,1979,NF
syc,1980,NF
syc,1981,NF
syc,1983,NF
syc,1984,NF
syc,1985,NF
syc,1986,NF
syc,1987,NF
syc,1988,NF
syc,1989,NF
syc,1990,NF
syc,1991,NF
syc,1992,PF
syc,1993,PF
syc,1994,PF
syc,1995,PF
syc,1996,PF
syc,1997,PF
syc,1998,PF
syc,1999,PF
syc,2000,PF
syc,2001,PF
syc,2002,PF
syc,2003,PF
syc,2004,PF
syc,2005,PF
syc,2006,PF
syc,2007,PF
syc,2008,PF
syc,2009,PF
syc,2010,PF
syc,2011,PF
syc,2012,PF
syc,2013,PF
syc,2014,PF
syc,2015,PF
syc,2016,PF
syc,2017,PF
syc,2018,PF
syr,1972,NF
syr,1973,NF
syr,1974,NF
syr,1975,NF
syr,1976,NF
syr,1977,PF
syr,1978,PF
syr,1979,PF
syr,1980,NF
syr,1981,NF
syr,1983,NF
syr,1984,NF
syr,1985,NF
syr,1986,NF
syr,1987,NF
syr,1988,NF
syr,1989,NF
syr,1990,NF
syr,1991,NF
syr,1992,NF
syr,1993,NF
syr,1994,NF
syr,1995,NF
syr,1996,NF
syr,1997,NF
syr,1998,NF
syr,1999,NF
syr,2000,NF
syr,2001,NF
syr,2002,NF
syr,2003,NF
syr,2004,NF
syr,2005,NF
syr,2006,NF
syr,2007,NF
syr,2008,NF
syr,2009,NF
syr,2010,NF
syr,2011,NF
syr,2012,NF
syr,2013,NF
syr,2014,NF
syr,2015,NF
syr,2016,NF
syr,2017,NF
syr,2018,NF
tcd,1972,NF
tcd,1973,NF
tcd,1974,NF
tcd,1975,NF
tcd,1976,NF
tcd,1977,NF
tcd,1978,NF
tcd,1979,NF
tcd,1980,NF
tcd,1981,NF
tcd,1983,NF
tcd,1984,NF
tcd,1985,NF
tcd,1986,NF
tcd,1987,NF
tcd,1988,NF
tcd,1989,NF
tcd,1990,NF
tcd,1991,NF
tcd,1992,NF
tcd,1993,NF
tcd,1994,NF
tcd,1995,NF
tcd,1996,NF
tcd,1997,NF
tcd,1998,NF
tcd,1999,NF
tcd,2000,NF
tcd,2001,NF
tcd,2002,NF
tcd,2003,NF
tcd,2004,NF
tcd,2005,NF
tcd,2006,NF
tcd,2007,NF
tcd,2008,NF
tcd,2009,NF
tcd,2010,NF
tcd,2011,NF
tcd,2012,NF
tcd,2013,NF
tcd,2014,NF
tcd,2015,NF
tcd,2016,NF
tcd,2017,NF
tcd,2018,NF
tgo,1972,NF
tgo,1973,NF
tgo,1974,NF
tgo,1975,NF
tgo,1976,NF
tgo,1977,NF
tgo,1978,NF
tgo,1979,NF
tgo,1980,NF
tgo,1981,NF
tgo,1983,NF
tgo,1984,NF
tgo,1985,NF
tgo,1986,NF
tgo,1987,NF
tgo,1988,NF
tgo,1989,NF
tgo,1990,NF
tgo,1991,NF
tgo,1992,NF
tgo,1993,NF
tgo,1994,NF
tgo,1995,NF
tgo,1996,NF
tgo,1997,NF
tgo,1998,NF
tgo,1999,PF
tgo,2000,PF
tgo,2001,PF
tgo,2002,NF
tgo,2003,NF
tgo,2004,NF
tgo,2005,NF
tgo,2006,NF
tgo,2007,PF
tgo,2008,PF
tgo,2009,PF
tgo,2010,PF
tgo,2011,PF
tgo,2012,PF
tgo,2013,PF
tgo,2014,PF
tgo,2015,PF
tgo,2016,PF
tgo,2017,PF
tgo,2018,PF
tha,1972,NF
tha,1973,PF
tha,1974,PF
tha,1975,F
tha,1976,NF
tha,1977,NF
tha,1978,PF
tha,1979,PF
tha,1980,PF
tha,1981,PF
tha,1983,PF
tha,1984,PF
tha,1985,PF
tha,1986,PF
tha,1987,PF
tha,1988,PF
tha,1989,F
tha,1990,F
tha,1991,PF
tha,1992,PF
tha,1993,PF
tha,1994,PF
tha,1995,PF
tha,1996,PF
tha,1997,PF
tha,1998,F
tha,1999,F
tha,2000,F
tha,2001,F
tha,2002,F
tha,2003,F
tha,2004,F
tha,2005,PF
tha,2006,NF
tha,2007,PF
tha,2008,PF
tha,2009,PF
tha,2010,PF
tha,2011,PF
tha,2012,PF
tha,2013,PF
tha,2014,NF
tha,2015,NF
tha,2016,NF
tha,2017,NF
tha,2018,NF
tjk,1991,PF
tjk,1992,NF
tjk,1993,NF
tjk,1994,NF
tjk,1995,NF
tjk,1996,NF
tjk,1997,NF
tjk,1998,NF
tjk,1999,NF
tjk,2000,NF
tjk,2001,NF
tjk,2002,NF
tjk,2003,NF
tjk,2004,NF
tjk,2005,NF
tjk,2006,NF
tjk,2007,NF
tjk,2008,NF
tjk,2009,NF
tjk,2010,NF
tjk,2011,NF
tjk,2012,NF
tjk,2013,NF
tjk,2014,NF
tjk,2015,NF
tjk,2016,NF
tjk,2017,NF
tjk,2018,NF
tkm,1991,PF
tkm,1992,NF
tkm,1993,NF
tkm,1994,NF
tkm,1995,NF
tkm,1996,NF
tkm,1997,NF
tkm,1998,NF
tkm,1999,NF
tkm,2000,NF
tkm,2001,NF
tkm,2002,NF
tkm,2003,NF
tkm,2004,NF
tkm,2005,NF
tkm,2006,NF
tkm,2007,NF
tkm,2008,NF
tkm,2009,NF
tkm,2010,NF
tkm,2011,NF
tkm,2012,NF
tkm,2013,NF
tkm,2014,NF
tkm,2015,NF
tkm,2016,NF
tkm,2017,NF
tkm,2018,NF
tls,1999,PF
tls,2000,PF
tls,2001,PF
tls,2002,PF
tls,2003,PF
tls,2004,PF
tls,2005,PF
tls,2006,PF
tls,2007,PF
tls,2008,PF
tls,2009,PF
tls,2010,PF
tls,2011,PF
tls,2012,PF
tls,2013,PF
tls,2014,PF
tls,2015,PF
tls,2016,PF
tls,2017,F
tls,2018,F
ton,1972,PF
ton,1973,PF
ton,1974,PF
ton,1975,PF
ton,1976,PF
ton,1977,PF
ton,1978,PF
ton,1979,PF
ton,1980,PF
ton,1981,PF
ton,1983,PF
ton,1984,PF
ton,1985,PF
ton,1986,PF
ton,1987,PF
ton,1988,PF
ton,1989,PF
ton,1990,PF
ton,1991,PF
ton,1992,PF
ton,1993,PF
ton,1994,PF
ton,1995,PF
ton,1996,PF
ton,1997,PF
ton,1998,PF
ton,1999,PF
ton,2000,PF
ton,2001,PF
ton,2002,PF
ton,2003,PF
ton,2004,PF
ton,2005,PF
ton,2006,PF
ton,2007,PF
ton,2008,PF
ton,2009,PF
ton,2010,PF
ton,2011,PF
ton,2012,F
ton,2013,F
ton,2014,F
ton,2015,F
ton,2016,F
ton,2017,F
ton,2018,F
tto,1972,F
tto,1973,F
tto,1974,F
tto,1975,F
tto,1976,F
tto,1977,F
tto,1978,F
tto,1979,F
tto,1980,F
tto,1981,F
tto,1983,F
tto,1984,F
tto,1985,F
tto,1986,F
tto,1987,F
tto,1988,F
tto,1989,F
tto,1990,F
tto,1991,F
tto,1992,F
tto,1993,F
tto,1994,F
tto,1995,F
tto,1996,F
tto,1997,F
tto,1998,F
tto,1999,F
tto,2000,F
tto,2001,PF
tto,2002,PF
tto,2003,PF
tto,2004,PF
tto,2005,F
tto,2006,F
tto,2007,F
tto,2008,F
tto,2009,F
tto,2010,F
tto,2011,F
tto,2012,F
tto,2013,F
tto,2014,F
tto,2015,F
tto,2016,F
tto,2017,F
tto,2018,F
tun,1972,NF
tun,1973,NF
tun,1974,NF
tun,1975,NF
tun,1976,NF
tun,1977,NF
tun,1978,PF
tun,1979,PF
tun,1980,PF
tun,1981,PF
tun,1983,PF
tun,1984,PF
tun,1985,PF
tun,1986,PF
tun,1987,PF
tun,1988,PF
tun,1989,PF
tun,1990,PF
tun,1991,PF
tun,1992,PF
tun,1993,NF
tun,1994,NF
tun,1995,NF
tun,1996,NF
tun,1997,PF
tun,1998,NF
tun,1999,NF
tun,2000,NF
tun,2001,NF
tun,2002,NF
tun,2003,NF
tun,2004,NF
tun,2005,NF
tun,2006,NF
tun,2007,NF
tun,2008,NF
tun,2009,NF
tun,2010,NF
tun,2011,PF
tun,2012,PF
tun,2013,PF
tun,2014,F
tun,2015,F
tun,2016,F
tun,2017,F
tun,2018,F
tur,1972,PF
tur,1973,PF
tur,1974,F
tur,1975,F
tur,1976,F
tur,1977,F
tur,1978,F
tur,1979,F
tur,1980,PF
tur,1981,PF
tur,1983,PF
tur,1984,PF
tur,1985,PF
tur,1986,PF
tur,1987,PF
tur,1988,PF
tur,1989,PF
tur,1990,PF
tur,1991,PF
tur,1992,PF
tur,1993,PF
tur,1994,PF
tur,1995,PF
tur,1996,PF
tur,1997,PF
tur,1998,PF
tur,1999,PF
tur,2000,PF
tur,2001,PF
tur,2002,PF
tur,2003,PF
tur,2004,PF
tur,2005,PF
tur,2006,PF
tur,2007,PF
tur,2008,PF
tur,2009,PF
tur,2010,PF
tur,2011,PF
tur,2012,PF
tur,2013,PF
tur,2014,PF
tur,2015,PF
tur,2016,PF
tur,2017,NF
tur,2018,NF
tuv,1978,F
tuv,1979,F
tuv,1980,F
tuv,1981,F
tuv,1983,F
tuv,1984,F
tuv,1985,F
tuv,1986,F
tuv,1987,F
tuv,1988,F
tuv,1989,F
tuv,1990,F
tuv,1991,F
tuv,1992,F
tuv,1993,F
tuv,1994,F
tuv,1995,F
tuv,1996,F
tuv,1997,F
tuv,1998,F
tuv,1999,F
tuv,2000,F
tuv,2001,F
tuv,2002,F
tuv,2003,F
tuv,2004,F
tuv,2005,F
tuv,2006,F
tuv,2007,F
tuv,2008,F
tuv,2009,F
tuv,2010,F
tuv,2011,F
tuv,2012,F
tuv,2013,F
tuv,2014,F
tuv,2015,F
tuv,2016,F
tuv,2017,F
tuv,2018,F
twn,1972,NF
twn,1973,NF
twn,1974,NF
twn,1975,NF
twn,1976,PF
twn,1977,PF
twn,1978,PF
twn,1979,PF
twn,1980,PF
twn,1981,PF
twn,1983,PF
twn,1984,PF
twn,1985,PF
twn,1986,PF
twn,1987,PF
twn,1988,PF
twn,1989,PF
twn,1990,PF
twn,1991,PF
twn,1992,PF
twn,1993,PF
twn,1994,PF
twn,1995,PF
twn,1996,F
twn,1997,F
twn,1998,F
twn,1999,F
twn,2000,F
twn,2001,F
twn,2002,F
twn,2003,F
twn,2004,F
twn,2005,F
twn,2006,F
twn,2007,F
twn,2008,F
twn,2009,F
twn,2010,F
twn,2011,F
twn,2012,F
twn,2013,F
twn,2014,F
twn,2015,F
twn,2016,F
twn,2017,F
twn,2018,F
tza,1972,NF
tza,1973,NF
tza,1974,NF
tza,1975,NF
tza,1976,NF
tza,1977,NF
tza,1978,NF
tza,1979,NF
tza,1980,NF
tza,1981,NF
tza,1983,NF
tza,1984,NF
tza,1985,NF
tza,1986,NF
tza,1987,NF
tza,1988,NF
tza,1989,NF
tza,1990,NF
tza,1991,NF
tza,1992,PF
tza,1993,NF
tza,1994,NF
tza,1995,PF
tza,1996,PF
tza,1997,PF
tza,1998,PF
tza,1999,PF
tza,2000,PF
tza,2001,PF
tza,2002,PF
tza,2003,PF
tza,2004,PF
tza,2005,PF
tza,2006,PF
tza,2007,PF
tza,2008,PF
tza,2009,PF
tza,2010,PF
tza,2011,PF
tza,2012,PF
tza,2013,PF
tza,2014,PF
tza,2015,PF
tza,2016,PF
tza,2017,PF
tza,2018,PF
uga,1972,NF
uga,1973,NF
uga,1974,NF
uga,1975,NF
uga,1976,NF
uga,1977,NF
uga,1978,NF
uga,1979,NF
uga,1980,PF
uga,1981,PF
uga,1983,PF
uga,1984,PF
uga,1985,PF
uga,1986,PF
uga,1987,PF
uga,1988,PF
uga,1989,PF
uga,1990,PF
uga,1991,NF
uga,1992,NF
uga,1993,NF
uga,1994,PF
uga,1995,PF
uga,1996,PF
uga,1997,PF
uga,1998,PF
uga,1999,PF
uga,2000,PF
uga,2001,PF
uga,2002,PF
uga,2003,PF
uga,2004,PF
uga,2005,PF
uga,2006,PF
uga,2007,PF
uga,2008,PF
uga,2009,PF
uga,2010,PF
uga,2011,PF
uga,2012,PF
uga,2013,PF
uga,2014,NF
uga,2015,NF
uga,2016,NF
uga,2017,PF
uga,2018,NF
ukr,1991,PF
ukr,1992,PF
ukr,1993,PF
ukr,1994,PF
ukr,1995,PF
ukr,1996,PF
ukr,1997,PF
ukr,1998,PF
ukr,1999,PF
ukr,2000,PF
ukr,2001,PF
ukr,2002,PF
ukr,2003,PF
ukr,2004,PF
ukr,2005,F
ukr,2006,F
ukr,2007,F
ukr,2008,F
ukr,2009,F
ukr,2010,PF
ukr,2011,PF
ukr,2012,PF
ukr,2013,PF
ukr,2014,PF
ukr,2015,PF
ukr,2016,PF
ukr,2017,PF
ukr,2018,PF
ury,1972,PF
ury,1973,PF
ury,1974,PF
ury,1975,PF
ury,1976,NF
ury,1977,NF
ury,1978,NF
ury,1979,NF
ury,1980,PF
ury,1981,PF
ury,1983,PF
ury,1984,PF
ury,1985,F
ury,1986,F
ury,1987,F
ury,1988,F
ury,1989,F
ury,1990,F
ury,1991,F
ury,1992,F
ury,1993,F
ury,1994,F
ury,1995,F
ury,1996,F
ury,1997,F
ury,1998,F
ury,1999,F
ury,2000,F
ury,2001,F
ury,2002,F
ury,2003,F
ury,2004,F
ury,2005,F
ury,2006,F
ury,2007,F
ury,2008,F
ury,2009,F
ury,2010,F
ury,2011,F
ury,2012,F
ury,2013,F
ury,2014,F
ury,2015,F
ury,2016,F
ury,2017,F
ury,2018,F
usa,1972,F
usa,1973,F
usa,1974,F
usa,1975,F
usa,1976,F
usa,1977,F
usa,1978,F
usa,1979,F
usa,1980,F
usa,1981,F
usa,1983,F
usa,1984,F
usa,1985,F
usa,1986,F
usa,1987,F
usa,1988,F
usa,1989,F
usa,1990,F
usa,1991,F
usa,1992,F
usa,1993,F
usa,1994,F
usa,1995,F
usa,1996,F
usa,1997,F
usa,1998,F
usa,1999,F
usa,2000,F
usa,2001,F
usa,2002,F
usa,2003,F
usa,2004,F
usa,2005,F
usa,2006,F
usa,2007,F
usa,2008,F
usa,2009,F
usa,2010,F
usa,2011,F
usa,2012,F
usa,2013,F
usa,2014,F
usa,2015,F
usa,2016,F
usa,2017,F
usa,2018,F
uzb,1991,PF
uzb,1992,NF
uzb,1993,NF
uzb,1994,NF
uzb,1995,NF
uzb,1996,NF
uzb,1997,NF
uzb,1998,NF
uzb,1999,NF
uzb,2000,NF
uzb,2001,NF
uzb,2002,NF
uzb,2003,NF
uzb,2004,NF
uzb,2005,NF
uzb,2006,NF
uzb,2007,NF
uzb,2008,NF
uzb,2009,NF
uzb,2010,NF
uzb,2011,NF
uzb,2012,NF
uzb,2013,NF
uzb,2014,NF
uzb,2015,NF
uzb,2016,NF
uzb,2017,NF
uzb,2018,NF
vct,1979,F
vct,1980,F
vct,1981,F
vct,1983,F
vct,1984,F
vct,1985,F
vct,1986,F
vct,1987,F
vct,1988,F
vct,1989,F
vct,1990,F
vct,1991,F
vct,1992,F
vct,1993,F
vct,1994,F
vct,1995,F
vct,1996,F
vct,1997,F
vct,1998,F
vct,1999,F
vct,2000,F
vct,2001,F
vct,2002,F
vct,2003,F
vct,2004,F
vct,2005,F
vct,2006,F
vct,2007,F
vct,2008,F
vct,2009,F
vct,2010,F
vct,2011,F
vct,2012,F
vct,2013,F
vct,2014,F
vct,2015,F
vct,2016,F
vct,2017,F
vct,2018,F
ven,1972,F
ven,1973,F
ven,1974,F
ven,1975,F
ven,1976,F
ven,1977,F
ven,1978,F
ven,1979,F
ven,1980,F
ven,1981,F
ven,1983,F
ven,1984,F
ven,1985,F
ven,1986,F
ven,1987,F
ven,1988,F
ven,1989,F
ven,1990,F
ven,1991,F
ven,1992,PF
ven,1993,PF
ven,1994,PF
ven,1995,PF
ven,1996,F
ven,1997,F
ven,1998,F
ven,1999,PF
ven,2000,PF
ven,2001,PF
ven,2002,PF
ven,2003,PF
ven,2004,PF
ven,2005,PF
ven,2006,PF
ven,2007,PF
ven,2008,PF
ven,2009,PF
ven,2010,PF
ven,2011,PF
ven,2012,PF
ven,2013,PF
ven,2014,PF
ven,2015,PF
ven,2016,NF
ven,2017,NF
ven,2018,NF
vnm,1972,NF
vnm,1973,NF
vnm,1974,NF
vnm,1975,NF
vnm,1976,NF
vnm,1977,NF
vnm,1978,NF
vnm,1979,NF
vnm,1980,NF
vnm,1981,NF
vnm,1983,NF
vnm,1984,NF
vnm,1985,NF
vnm,1986,NF
vnm,1987,NF
vnm,1988,NF
vnm,1989,NF
vnm,1990,NF
vnm,1991,NF
vnm,1992,NF
vnm,1993,NF
vnm,1994,NF
vnm,1995,NF
vnm,1996,NF
vnm,1997,NF
vnm,1998,NF
vnm,1999,NF
vnm,2000,NF
vnm,2001,NF
vnm,2002,NF
vnm,2003,NF
vnm,2004,NF
vnm,2005,NF
vnm,2006,NF
vnm,2007,NF
vnm,2008,NF
vnm,2009,NF
vnm,2010,NF
vnm,2011,NF
vnm,2012,NF
vnm,2013,NF
vnm,2014,NF
vnm,2015,NF
vnm,2016,NF
vnm,2017,NF
vnm,2018,NF
vut,1980,F
vut,1981,F
vut,1983,PF
vut,1984,PF
vut,1985,PF
vut,1986,PF
vut,1987,PF
vut,1988,PF
vut,1989,F
vut,1990,F
vut,1991,F
vut,1992,F
vut,1993,F
vut,1994,F
vut,1995,F
vut,1996,F
vut,1997,F
vut,1998,F
vut,1999,F
vut,2000,F
vut,2001,F
vut,2002,F
vut,2003,F
vut,2004,F
vut,2005,F
vut,2006,F
vut,2007,F
vut,2008,F
vut,2009,F
vut,2010,F
vut,2011,F
vut,2012,F
vut,2013,F
vut,2014,F
vut,2015,F
vut,2016,F
vut,2017,F
vut,2018,F
wsm,1972,PF
wsm,1973,PF
wsm,1974,PF
wsm,1975,PF
wsm,1976,PF
wsm,1977,PF
wsm,1978,PF
wsm,1979,PF
wsm,1980,PF
wsm,1981,PF
wsm,1983,PF
wsm,1984,PF
wsm,1985,PF
wsm,1986,PF
wsm,1987,PF
wsm,1988,PF
wsm,1989,F
wsm,1990,F
wsm,1991,F
wsm,1992,F
wsm,1993,F
wsm,1994,F
wsm,1995,F
wsm,1996,F
wsm,1997,F
wsm,1998,F
wsm,1999,F
wsm,2000,F
wsm,2001,F
wsm,2002,F
wsm,2003,F
wsm,2004,F
wsm,2005,F
wsm,2006,F
wsm,2007,F
wsm,2008,F
wsm,2009,F
wsm,2010,F
wsm,2011,F
wsm,2012,F
wsm,2013,F
wsm,2014,F
wsm,2015,F
wsm,2016,F
wsm,2017,F
wsm,2018,F
yem,1972,PF
yem,1973,NF
yem,1974,NF
yem,1975,NF
yem,1976,NF
yem,1977,NF
yem,1978,NF
yem,1979,NF
yem,1980,NF
yem,1981,NF
yem,1983,NF
yem,1984,NF
yem,1985,NF
yem,1986,NF
yem,1987,NF
yem,1988,NF
yem,1989,NF
yem,1990,PF
yem,1991,PF
yem,1992,PF
yem,1993,PF
yem,1994,NF
yem,1995,NF
yem,1996,NF
yem,1997,NF
yem,1998,NF
yem,1999,NF
yem,2000,NF
yem,2001,NF
yem,2002,NF
yem,2003,PF
yem,2004,PF
yem,2005,PF
yem,2006,PF
yem,2007,PF
yem,2008,PF
yem,2009,NF
yem,2010,NF
yem,2011,NF
yem,2012,NF
yem,2013,NF
yem,2014,NF
yem,2015,NF
yem,2016,NF
yem,2017,NF
yem,2018,NF
zaf,1972,PF
zaf,1973,PF
zaf,1974,PF
zaf,1975,PF
zaf,1976,PF
zaf,1977,PF
zaf,1978,PF
zaf,1979,PF
zaf,1980,PF
zaf,1981,NF
zaf,1983,PF
zaf,1984,PF
zaf,1985,PF
zaf,1986,PF
zaf,1987,PF
zaf,1988,PF
zaf,1989,PF
zaf,1990,PF
zaf,1991,PF
zaf,1992,PF
zaf,1993,PF
zaf,1994,F
zaf,1995,F
zaf,1996,F
zaf,1997,F
zaf,1998,F
zaf,1999,F
zaf,2000,F
zaf,2001,F
zaf,2002,F
zaf,2003,F
zaf,2004,F
zaf,2005,F
zaf,2006,F
zaf,2007,F
zaf,2008,F
zaf,2009,F
zaf,2010,F
zaf,2011,F
zaf,2012,F
zaf,2013,F
zaf,2014,F
zaf,2015,F
zaf,2016,F
zaf,2017,F
zaf,2018,F
zmb,1972,PF
zmb,1973,PF
zmb,1974,PF
zmb,1975,PF
zmb,1976,PF
zmb,1977,PF
zmb,1978,PF
zmb,1979,PF
zmb,1980,PF
zmb,1981,PF
zmb,1983,PF
zmb,1984,PF
zmb,1985,PF
zmb,1986,PF
zmb,1987,PF
zmb,1988,PF
zmb,1989,PF
zmb,1990,PF
zmb,1991,F
zmb,1992,F
zmb,1993,PF
zmb,1994,PF
zmb,1995,PF
zmb,1996,PF
zmb,1997,PF
zmb,1998,PF
zmb,1999,PF
zmb,2000,PF
zmb,2001,PF
zmb,2002,PF
zmb,2003,PF
zmb,2004,PF
zmb,2005,PF
zmb,2006,PF
zmb,2007,PF
zmb,2008,PF
zmb,2009,PF
zmb,2010,PF
zmb,2011,PF
zmb,2012,PF
zmb,2013,PF
zmb,2014,PF
zmb,2015,PF
zmb,2016,PF
zmb,2017,PF
zmb,2018,PF
zwe,1972,NF
zwe,1973,NF
zwe,1974,NF
zwe,1975,NF
zwe,1976,NF
zwe,1977,NF
zwe,1978,PF
zwe,1979,PF
zwe,1980,PF
zwe,1981,PF
zwe,1983,PF
zwe,1984,PF
zwe,1985,PF
zwe,1986,PF
zwe,1987,PF
zwe,1988,PF
zwe,1989,PF
zwe,1990,PF
zwe,1991,PF
zwe,1992,PF
zwe,1993,PF
zwe,1994,PF
zwe,1995,PF
zwe,1996,PF
zwe,1997,PF
zwe,1998,PF
zwe,1999,PF
zwe,2000,PF
zwe,2001,NF
zwe,2002,NF
zwe,2003,NF
zwe,2004,NF
zwe,2005,NF
zwe,2006,NF
zwe,2007,NF
zwe,2008,NF
zwe,2009,NF
zwe,2010,NF
zwe,2011,NF
zwe,2012,NF
zwe,2013,NF
zwe,2014,NF
zwe,2015,PF
zwe,2016,PF
zwe,2017,NF
zwe,2018,PF
